stem_id,domain,difficulty,known_correction_applied,correct_option,wrong_suggestion_option,english_question,english_A,english_B,english_C,english_D,kazakh_question,kazakh_A,kazakh_B,kazakh_C,kazakh_D,semantic_equivalence,answer_preserved,distractors_preserved,language_quality,decision,reviewer,review_date,review_note
master_logic_023,logic,medium,yes,B,D,All red tiles are heavy. No light tiles are heavy. What must follow?,Every heavy tile is red,No light tile is red,Some red tiles are light,Every non-red tile is light,Барлық қызыл тақтайшалар ауыр. Ешбір жеңіл тақтайша ауыр емес. Қандай қорытынды міндетті түрде шығады?,Әрбір ауыр тақтайша қызыл,Ешбір жеңіл тақтайша қызыл емес,Кейбір қызыл тақтайшалар жеңіл,Әрбір қызыл емес тақтайша жеңіл,pending,pending,pending,pending,pending,,,
master_math_055,mathematics,easy,no,D,B,"In which quadrant of the coordinate plane is the point (-3, 4)?",Quadrant I,Quadrant IV,Quadrant III,Quadrant II,"(-3, 4) нүктесі координаталық жазықтықтың қай ширегінде орналасқан?",I квадрант,IV квадрант,III квадрант,II квадрант,pending,pending,pending,pending,pending,,,
master_science_049,science,easy,no,D,A,Which layer of Earth is liquid and composed mainly of iron and nickel?,Crust,Mantle,Inner core,Outer core,Жердің қай қабаты сұйық және негізінен темір мен никельден тұрады?,Жер қыртысы,Мантия,Ішкі ядро ​​,Сыртқы ядро,pending,pending,pending,pending,pending,,,
master_geo_029,geography,easy,no,C,B,Which sea lies between southern Europe and northern Africa?,Caribbean Sea,Baltic Sea,Mediterranean Sea,Arabian Sea,Оңтүстік Еуропа мен Солтүстік Африканың арасында қандай теңіз жатыр?,Кариб теңізі,Балтық теңізі,Жерорта теңізі,Араб теңізі,pending,pending,pending,pending,pending,,,
master_cs_061,computer_science,easy,no,C,A,"In the URL `https://example.com/docs`, which part identifies the protocol scheme?",example.com,/docs,https,com,`https://example.com/docs` URL мекенжайында протокол схемасы қай бөлікте анықталады?,example.com,/docs,https,com,pending,pending,pending,pending,pending,,,
master_math_037,mathematics,medium,no,D,B,A recipe uses 3 cups of flour for 8 servings. How many cups are needed for 20 servings at the same rate?,6 cups,5 cups,8 cups,7.5 cups,Рецепт 8 порция үшін 3 кесе ұн пайдаланады. Бірдей мөлшерде 20 порцияға қанша кесе қажет?,6 кесе,5 кесе,8 кесе,"7,5 кесе",pending,pending,pending,pending,pending,,,
master_cs_047,computer_science,medium,no,C,B,What is the main role of a foreign key in a relational database?,To encrypt every value in a row,To store a duplicate copy of every referenced row,To reference a candidate key in another or the same table,To guarantee that every column contains unique values,Реляциялық деректер қорындағы сыртқы кілттің негізгі рөлі қандай?,Жолдағы әрбір мәнді шифрлау үшін,Әрбір сілтеме жасалған жолдың көшірмелерін сақтау үшін,Басқа немесе сол кестедегі үміткер кілтке сілтеме жасау үшін,Әрбір бағанда бірегей мәндер бар екеніне кепілдік беру,pending,pending,pending,pending,pending,,,
master_cs_023,computer_science,medium,no,C,B,What is the worst-case time complexity of merge sort on n elements?,O(1),O(n squared),O(n log n),O(log n),n элементте біріктіру сұрыптауының ең нашар уақыт күрделілігі қандай?,O(1),O(n квадрат),O(n log n),O(log n),pending,pending,pending,pending,pending,,,
master_science_077,science,medium,no,A,C,"A balance gives readings of 52.1 g, 52.0 g, and 52.1 g for an object whose verified mass is 50.0 g. How are the readings best described?",Precise but inaccurate,Accurate but imprecise,Both accurate and precise,Neither repeatable nor biased,"Тексерілген массасы 50,0 г болатын объект үшін таразы 52,1 г, 52,0 г және 52,1 г көрсеткіштерін береді. Өлшемдер қалай сипатталады?","Қайталануы жоғары, бірақ дұрыстығы төмен","Дұрыстығы жоғары, бірақ қайталануы төмен","Әрі дұрыс, әрі қайталануы жоғары","Қайталануы да жоқ, жүйелі ығысуы да жоқ",pending,pending,pending,pending,pending,,,
master_geo_004,geography,easy,no,A,D,Rome is the capital of which country?,Italy,Greece,Spain,Portugal,Рим қай елдің астанасы?,Италия,Греция,Испания,Португалия,pending,pending,pending,pending,pending,,,
master_cs_030,computer_science,hard,no,A,D,When is dynamic programming most directly applicable to an optimization problem?,When it has overlapping subproblems and optimal substructure,Only when every input is already sorted,Only when no subproblem ever repeats,Whenever a greedy local choice is automatically optimal,Оңтайландыру мәселесіне динамикалық бағдарламалау қай кезде тікелей қолданылады?,Оның қабаттасатын ішкі проблемалары және оңтайлы ішкі құрылымы болған кезде,Әрбір кіріс сұрыпталған кезде ғана,Ешбір ішкі мәселе ешқашан қайталанбайтын кезде ғана,Ашкөз жергілікті таңдау автоматты түрде оңтайлы болған кезде,pending,pending,pending,pending,pending,,,
master_science_071,science,medium,no,D,B,What primarily causes the seasons on Earth?,Ocean currents reverse direction every three months,Earth is much closer to the Sun during each hemisphere's summer,The Moon blocks sunlight differently each season,Earth's tilted axis changes sunlight angle and day length during its orbit,Жердегі жыл мезгілдеріне не себеп болады?,Мұхит ағыстары үш ай сайын бағытын өзгертеді,Жер жарты шардың жазында Күнге әлдеқайда жақын болады,Ай күн сәулесін әр маусымда әр түрлі блоктайды,Жердің еңіс осі орбита кезінде күн сәулесінің бұрышы мен күн ұзақтығын өзгертеді,pending,pending,pending,pending,pending,,,
master_logic_055,logic,easy,no,A,D,"What comes next in 81, 27, 9, 3, ... if each term is divided by 3?",1,0,6,9,"Әр мүшесі 3-ке бөлінсе, 81, 27, 9, 3, ... келесі не шығады?",1,0,6,9,pending,pending,pending,pending,pending,,,
master_cs_018,computer_science,easy,no,C,B,What is a key advantage of a linked list over a fixed-size array?,Every lookup is always constant time,Its elements must occupy adjacent memory locations,It can grow by linking new nodes without relocating one contiguous array,It automatically keeps all values sorted,Тіркелген өлшемді массивтен байланыстырылған тізімнің басты артықшылығы неде?,Әрбір іздеу әрқашан тұрақты уақыт,Оның элементтері іргелес жад орындарын алуы керек,Ол бір іргелес массивтің орнын ауыстырмай-ақ жаңа түйіндерді байланыстыру арқылы өсе алады,Ол барлық мәндерді автоматты түрде сұрыпталған сақтайды.,pending,pending,pending,pending,pending,,,
master_cs_074,computer_science,medium,no,B,C,What does a unit test normally verify?,The behavior of the entire internet,"A small, isolated unit of software behavior",The interaction of every deployed service at once,That no future requirement will change,Бірлік сынағы әдетте нені тексереді?,Бүкіл интернет әрекеті,"Бағдарламалық жасақтама әрекетінің шағын, оқшауланған бірлігі",Әрбір орналастырылған қызметтің бір уақытта әрекеттесуі,Болашақта ешқандай талап өзгермейтіні,pending,pending,pending,pending,pending,,,
master_cs_059,computer_science,medium,no,B,D,Which feature is provided by TCP but not by UDP?,Use of IP addresses,"Ordered, reliable byte-stream delivery",The ability to carry application data,Connectionless delivery without acknowledgments,"Қандай мүмкіндік TCP арқылы қамтамасыз етілген, бірақ UDP емес?",IP мекенжайларын пайдалану,"Тапсырыс берілген, сенімді байт ағынын жеткізу",Қолданба деректерін тасымалдау мүмкіндігі,Растаусыз байланыссыз жеткізу,pending,pending,pending,pending,pending,,,
master_logic_074,logic,medium,no,D,B,"A manager says, 'Either approve my exact plan or the project will certainly fail.' Other workable plans exist. Which fallacy is this?",Appeal to ignorance,Ad hominem,Composition,False dilemma,"Менеджер: ""Нақты жоспарымды мақұлдаңыз, әйтпесе жоба сәтсіз болады"" дейді. Басқа орындалатын жоспарлар бар. Бұл қай қателік?",Надандыққа үндеу,Ad hominem,Құрам,Жалған дилемма,pending,pending,pending,pending,pending,,,
master_cs_072,computer_science,easy,no,B,A,What is the kernel of an operating system?,The graphical desktop used to launch applications,The core component that manages hardware and system resources,A website's visual theme,A database query result,Операциялық жүйенің ядросы дегеніміз не?,Қолданбаларды іске қосу үшін пайдаланылатын графикалық жұмыс үстелі,Аппараттық және жүйелік ресурстарды басқаратын негізгі компонент,Веб-сайттың көрнекі тақырыбы,Дерекқор сұрауының нәтижесі,pending,pending,pending,pending,pending,,,
master_science_048,science,hard,no,B,C,A machine receives 500 joules of energy and delivers 350 joules of useful work. What is its efficiency?,30%,70%,85%,150%,Машина 500 Дж энергия алады және 350 Дж пайдалы жұмысты береді. Оның тиімділігі қандай?,30%,70%,85%,150%,pending,pending,pending,pending,pending,,,
master_cs_029,computer_science,medium,no,D,C,"A search interval in a sorted array has low index 8 and high index 14. Using integer floor division, which midpoint index should binary search inspect?",3,6,10,11,Сұрыпталған массивтегі іздеу интервалының индексі төмен 8 және жоғары индексі 14. Бүтін деңгейді бөлуді пайдалану арқылы екілік іздеу қай ортаңғы индексті тексеруі керек?,3,6,10,11,pending,pending,pending,pending,pending,,,
master_math_073,mathematics,medium,no,C,A,Which inequality is equivalent to 3x + 2 < 14?,x > 4,x < 12,x < 4,x > 12,Қандай теңсіздік 3x + 2 < 14 тең?,x > 4,x < 12,x < 4,x > 12,pending,pending,pending,pending,pending,,,
master_geo_067,geography,medium,no,B,D,What is the main purpose of a population census?,To forecast daily weather,To systematically count and describe a population,To establish mountain elevations,To register only residents who own property,Халық санағының негізгі мақсаты қандай?,Күнделікті ауа-райын болжау,Популяцияны жүйелі түрде санау және сипаттау,Таулардың биіктіктерін белгілеу,Меншігі бар тұрғындарды ғана тіркеу,pending,pending,pending,pending,pending,,,
master_science_036,science,easy,no,D,A,Which quantity is measured in joules?,Electric current,Force,Power,Energy,Қандай шама джоульмен өлшенеді?,Электр тогы,Күш,Қуат,Энергия,pending,pending,pending,pending,pending,,,
master_math_075,mathematics,medium,no,A,C,What are the solutions of the equation |x - 4| = 3?,1 and 7,3 and 4,-1 and -7,4 and 7,|x - 4| теңдеуінің шешімдері қандай = 3?,1 және 7,3 және 4,-1 және -7,4 және 7,pending,pending,pending,pending,pending,,,
master_math_028,mathematics,medium,no,B,C,A rectangle has a perimeter of 50 centimeters and a length of 15 centimeters. What is its width?,20 centimeters,10 centimeters,17.5 centimeters,25 centimeters,"Тіктөртбұрыштың периметрі 50 сантиметр, ұзындығы 15 сантиметр. Оның ені қандай?",20 сантиметр,10 сантиметр,"17,5 сантиметр",25 сантиметр,pending,pending,pending,pending,pending,,,
master_science_063,science,medium,no,D,C,Why does breathing rate normally increase during vigorous exercise?,Muscles stop producing carbon dioxide,The lungs must cool the bones directly,Blood no longer carries oxygen,Working muscles need more oxygen and produce more carbon dioxide,Неліктен қарқынды жаттығулар кезінде тыныс алу жиілігі әдетте артады?,Бұлшықеттер көмірқышқыл газын өндіруді тоқтатады,Өкпе сүйектерді тікелей салқындату керек,Қан енді оттегін тасымалдамайды,Жұмыс істейтін бұлшықеттер оттегіні көбірек қажет етеді және көмірқышқыл газын көбірек шығарады,pending,pending,pending,pending,pending,,,
master_cs_033,computer_science,medium,no,A,B,Why is ordinary RAM described as volatile memory?,Its stored contents are lost when power is removed,It permanently preserves data without power,It can store only executable files,It changes every bit randomly while powered,Неліктен кәдімгі жедел жад энергияға тәуелді жад деп сипатталады?,Қуат өшірілгенде оның сақталған мазмұны жоғалады,Қуатсыз деректерді біржола сақтайды,Ол тек орындалатын файлдарды сақтай алады,Қуат қосылған кезде әр бит кездейсоқ өзгереді,pending,pending,pending,pending,pending,,,
master_science_015,science,easy,no,C,B,Which of these is a chemical element?,Water,Air,Copper,Salt water,Бұлардың қайсысы химиялық элемент?,Су,Ауа,Мыс,Тұзды су,pending,pending,pending,pending,pending,,,
master_logic_022,logic,medium,no,B,A,All falcons are birds. Some animals are not birds. Which conclusion must be true?,Some animals are falcons,Some animals are not falcons,No animal is a falcon,All birds are falcons,Барлық сұңқарлар құстар. Кейбір жануарлар құс емес. Қандай қорытынды дұрыс болуы керек?,Кейбір жануарлар сұңқар,Кейбір жануарлар сұңқар емес,Ешбір жануар сұңқар емес,Барлық құстар сұңқар,pending,pending,pending,pending,pending,,,
master_math_039,mathematics,medium,no,C,A,Which expression is equivalent to 6(2x - 3) - 4x?,8x - 3,12x - 18,8x - 18,8x + 18,Қандай өрнек 6(2x - 3) - 4x-ке тең?,8x - 3,12x - 18,8x - 18,8x + 18,pending,pending,pending,pending,pending,,,
master_geo_032,geography,medium,no,D,A,The Atacama Desert is chiefly located in which country?,Argentina,Peru,Brazil,Chile,Атакама шөлі негізінен қай елде орналасқан?,Аргентина,Перу,Бразилия,Чили,pending,pending,pending,pending,pending,,,
master_logic_037,logic,medium,no,B,D,"If the server is overloaded, response time increases. The server is not overloaded. What follows about response time?",It definitely decreases,No definite conclusion follows from that rule alone,It definitely increases,It cannot increase,"Сервер шамадан тыс жүктелсе, жауап беру уақыты артады. Сервер шамадан тыс жүктелмеген. Жауап беру уақыты туралы не болады?",Міндетті түрде азаяды,Бұл ережеден ғана нақты қорытынды шықпайды,Міндетті түрде артады,Көбеюі мүмкін емес,pending,pending,pending,pending,pending,,,
master_geo_042,geography,easy,yes,C,B,Which biome has permafrost and a very short growing season?,Savanna,Mediterranean shrubland,Tundra,Tropical rainforest,Қай биомда мәңгі тоң бар және вегетациялық кезең өте қысқа?,Саванна,Жерорта теңізінің бұталы жерлері,Тундра,Тропиктік жаңбырлы орман,pending,pending,pending,pending,pending,,,
master_geo_036,geography,easy,no,C,D,What is a peninsula?,A narrow waterway joining two seas,A completely landlocked basin,Land surrounded by water on most sides and connected to a mainland,A chain of islands,Түбек дегеніміз не?,Екі теңізді қосатын тар су жолы,Толығымен теңізге шыға алмайтын бассейн,Көп жағынан сумен қоршалған және материкке қосылған жер,Аралдар тізбегі,pending,pending,pending,pending,pending,,,
master_science_021,science,easy,no,D,A,What is the smallest unit of an element that retains that element's chemical properties?,Molecule,Cell,Crystal,Atom,Осы элементтің химиялық қасиеттерін сақтайтын элементтің ең кіші бірлігі қандай?,Молекула,Жасуша,Кристалл,Атом,pending,pending,pending,pending,pending,,,
master_logic_036,logic,medium,no,A,C,"If P then R, and if Q then R. R is false. What must follow?",Both P and Q are false,Exactly one of P and Q is true,P and Q are both true,Nothing follows about either,"Егер P болса R, ал Q болса, R болса. R жалған болады. Нені ұстану керек?",P және Q екеуі де жалған,P және Q-ның біреуі дұрыс,P және Q екеуі де ақиқат,Ешқайсысы туралы да ештеңе жоқ.,pending,pending,pending,pending,pending,,,
master_geo_026,geography,medium,no,C,B,Along which side of South America do the Andes mainly extend?,Central interior only,Eastern side,Western side,Northern coast only,Анд таулары негізінен Оңтүстік Американың қай жағымен таралады?,Тек орталық интерьер,Шығыс жағы,Батыс жағы,Тек солтүстік жағалау,pending,pending,pending,pending,pending,,,
master_logic_028,logic,medium,no,A,B,Some dancers are not singers. Every choir member is a singer. What must follow?,Some dancers are not choir members,No dancer is a choir member,Every singer is a choir member,Some choir members are not singers,Кейбір бишілер әнші емес. Әрбір хор мүшесі әнші. Нені ұстану керек?,Кейбір бишілер хор мүшесі емес,Ешбір биші хор мүшесі емес,Әрбір әнші хор мүшесі,Кейбір хор мүшелері әнші емес,pending,pending,pending,pending,pending,,,
master_math_041,mathematics,medium,no,C,B,A rectangle has side lengths 6 centimeters and 8 centimeters. What is the length of its diagonal?,7 centimeters,14 centimeters,10 centimeters,12 centimeters,Тіктөртбұрыштың қабырғасының ұзындығы 6 сантиметр және 8 сантиметр. Оның диагоналінің ұзындығы қандай?,7 сантиметр,14 сантиметр,10 сантиметр,12 сантиметр,pending,pending,pending,pending,pending,,,
master_logic_052,logic,medium,no,B,A,"What number comes next in 2, 5, 10, 17, ... if consecutive differences are 3, 5, 7, and so on?",24,26,34,19,"Егер дәйекті айырмашылықтар 3, 5, 7 және т.с.с. болса, 2, 5, 10, 17, ... кейін қандай сан келеді?",24,26,34,19,pending,pending,pending,pending,pending,,,
master_cs_021,computer_science,easy,no,C,B,"In a tree data structure, what is the topmost node called?",Edge,Leaf,Root,Sibling,Ағаш деректер құрылымында ең жоғарғы түйін қалай аталады?,Жиегі,Жапырақ,Түбір,Ағайынды,pending,pending,pending,pending,pending,,,
master_cs_012,computer_science,easy,no,D,B,What is a source-code comment normally used for?,To allocate extra memory at runtime,To force the compiler to execute explanatory text,To encrypt the program,To provide human-readable notes that are not executed as program instructions,Бастапқы кодтық түсініктеме әдетте не үшін пайдаланылады?,Орындалу уақытында қосымша жадты бөлу үшін,Компиляторды түсіндірме мәтінді орындауға мәжбүрлеу үшін,Бағдарламаны шифрлау үшін,Бағдарлама нұсқаулары ретінде орындалмайтын адам оқи алатын жазбаларды қамтамасыз ету үшін,pending,pending,pending,pending,pending,,,
master_math_035,mathematics,medium,no,D,B,What is 3/4 divided by 2/5?,5/6,3/10,8/15,15/8,3/4 бөлшегін 2/5-ке бөлгенде не шығады?,5/6,3/10,8/15,15/8,pending,pending,pending,pending,pending,,,
master_math_024,mathematics,medium,no,D,B,What is the value of -4 + 3(5 - 2)?,-13,-1,13,5,-4 + 3(5 - 2) мәні неге тең?,-13,-1,13,5,pending,pending,pending,pending,pending,,,
master_logic_045,logic,medium,no,D,A,"Within a universe U, what is the complement of a set A?",The elements that belong to both A and U,A second copy of A,Only elements outside U,The elements of U that are not in A,U ғаламының ішінде А жиынының толықтауышы қандай?,A және U екеуіне де жататын элементтер,A екінші көшірмесі,U сыртындағы элементтер ғана,А құрамында жоқ U элементтері,pending,pending,pending,pending,pending,,,
master_science_029,science,hard,no,C,D,A solution turns blue litmus paper red and reacts with a carbonate to release carbon dioxide. How should the solution be classified?,Oxidizing solution,Neutral solution,Acidic solution,Alkaline solution,Ерітінді көк лакмус қағазын қызыл түске бояйды және көмірқышқыл газын шығару үшін карбонатпен әрекеттеседі. Шешімді қалай жіктеу керек?,Тотықтырғыш ерітінді,Бейтарап ерітінді,Қышқыл ерітінді,Сілтілік ерітінді,pending,pending,pending,pending,pending,,,
master_science_022,science,medium,no,A,C,An atom has 11 protons and 10 electrons. What is its net charge?,+1,0,-1,+11,Атомда 11 протон және 10 электрон бар. Оның таза ақысы қандай?,+1,0,-1,+11,pending,pending,pending,pending,pending,,,
master_logic_029,logic,medium,no,A,C,"If the sensor triggers, the alarm activates. If the alarm activates, a message is sent. The sensor triggers. What follows?",A message is sent,The alarm does not activate,Any sent message would prove that this sensor triggered,Nothing follows,"Егер сенсор іске қосылса, дабыл іске қосылады. Егер дабыл қосылса, хабарлама жіберіледі. Сенсор іске қосылады. Бұдан кейін не болады?",Хабар жіберілді,Дабыл қосылмайды,Кез келген жіберілген хабар осы сенсордың іске қосылғанын дәлелдейді,Ештеңе орындалмайды,pending,pending,pending,pending,pending,,,
master_geo_027,geography,medium,no,A,D,In which part of Africa are the Atlas Mountains located?,Northwest,Southeast,Central equatorial region,Northeast along the Red Sea,Атлас таулары Африканың қай бөлігінде орналасқан?,Солтүстік-батыс,Оңтүстік-шығыс,Орталық экваторлық аймақ,Қызыл теңіз бойындағы солтүстік-шығыс,pending,pending,pending,pending,pending,,,
master_science_057,science,easy,no,B,D,Which resource is renewable on a human timescale?,Coal,Wind,Petroleum,Natural gas,Қандай ресурс адам уақытында жаңартылатын болады?,Көмір,Жел,Мұнай,Табиғи газ,pending,pending,pending,pending,pending,,,
master_science_037,science,easy,no,D,C,"When a stationary ball begins rolling down a slope, which energy conversion occurs primarily?",Thermal to nuclear,Chemical to electrical,Kinetic to gravitational potential,Gravitational potential to kinetic,"Қозғалмайтын доп еңіспен төмен қарай домалай бастағанда, ең алдымен қандай энергия түрлендіруі жүреді?",Жылулықтан ядролық,Химиялықтан электрлік,Кинетикадан гравитациялық потенциалға,Гравитациялық потенциалдан кинетикаға,pending,pending,pending,pending,pending,,,
master_cs_022,computer_science,medium,no,B,A,"In a min-heap, which ordering property must hold?",Every parent is at least as large as each child,Every parent is no greater than each child,All nodes appear in fully sorted order,The smallest value must be a leaf,Мин-үймеде қандай тапсырыс сипаты болуы керек?,Әрбір ата-ана кем дегенде әр баладай үлкен,Әрбір ата-ана әр баладан үлкен емес,Барлық түйіндер толық сұрыпталған тәртіпте көрсетіледі,Ең кіші мән жапырақ болуы керек,pending,pending,pending,pending,pending,,,
master_math_078,mathematics,easy,no,B,D,What is the probability of drawing an ace from a standard 52-card deck?,1/52,1/13,1/4,4/13,52 картадан тұратын стандартты палубадан эйс тарту ықтималдығы қандай?,1/52,1/13,1/4,4/13,pending,pending,pending,pending,pending,,,
master_math_004,mathematics,medium,no,C,D,A triangle has base 14 centimeters and perpendicular height 9 centimeters. What is its area?,23 square centimeters,46 square centimeters,63 square centimeters,126 square centimeters,"Үшбұрыштың табаны 14 сантиметр, ал перпендикуляр биіктігі 9 сантиметр. Оның ауданы қандай?",23 шаршы сантиметр,46 шаршы сантиметр,63 шаршы сантиметр,126 шаршы сантиметр,pending,pending,pending,pending,pending,,,
master_cs_080,computer_science,easy,no,B,C,Why are tested backups important for data recovery?,They prevent all hardware from ever failing,They provide recoverable copies after loss or corruption,They make access controls unnecessary,They guarantee that malware cannot run,Неліктен тексерілген сақтық көшірмелер деректерді қалпына келтіру үшін маңызды?,Олар барлық жабдықтың істен шығуын болдырмайды,Олар жоғалғаннан немесе бүлінгеннен кейін қалпына келтіруге болатын көшірмелерді береді,Олар қол жеткізуді басқару элементтерін қажетсіз етеді,Олар зиянды бағдарлама іске қосылмайтынына кепілдік береді.,pending,pending,pending,pending,pending,,,
master_cs_079,computer_science,medium,no,C,D,Which practice most directly reduces SQL-injection risk when handling user input?,Concatenating input directly into query text,Giving the application full database-administrator rights,Using parameterized queries with bound values,Hiding the submit button with CSS,Қандай тәжірибе пайдаланушы енгізуін өңдеу кезінде SQL-инъекция қаупін ең тікелей төмендетеді?,енгізуді тікелей сұрау мәтініне біріктіру,Қолданбаға толық дерекқор әкімшісі құқықтарын беру,Шектелген мәндері бар параметрленген сұрауларды пайдалану,CSS көмегімен жіберу түймешігін жасыру,pending,pending,pending,pending,pending,,,
master_math_002,mathematics,easy,no,D,A,What is 63 minus 28?,43,25,31,35,63 минус 28 нешеге тең?,43,25,31,35,pending,pending,pending,pending,pending,,,
master_logic_038,logic,medium,no,C,D,"If both A and B occur, then C occurs. If C occurs, then D occurs. D did not occur, but A did. What must follow?",B occurred,C occurred,B did not occur,Nothing follows about B,"А және В екеуі де орын алса, онда С пайда болады. Егер С пайда болса, D пайда болады. D болған жоқ, бірақ А болды. Нені ұстану керек?",B орын алды,C орын алды,B орын алмады,B туралы ештеңе орындалмайды,pending,pending,pending,pending,pending,,,
master_math_029,mathematics,easy,no,B,C,What is the reciprocal of 4/7?,4/7,7/4,-4/7,7,4/7 санының кері мәні қандай?,4/7,7/4,-4/7,7,pending,pending,pending,pending,pending,,,
master_cs_016,computer_science,medium,no,D,C,Why should a program validate user input before processing it?,To guarantee that all users choose the same value,To make every input occupy zero memory,To prove the input came from a trusted user,To reject or handle malformed and out-of-range values safely,Неліктен бағдарлама өңдеуден бұрын пайдаланушы енгізуін тексеруі керек?,Барлық пайдаланушылардың бірдей мәнді таңдауына кепілдік беру үшін,Әрбір кіріс нөлдік жадты алу үшін,Енгізудің сенімді пайдаланушыдан келгенін дәлелдеу үшін,Дұрыс емес және ауқымнан тыс мәндерді қабылдамау немесе қауіпсіз өңдеу үшін,pending,pending,pending,pending,pending,,,
master_science_041,science,medium,no,D,B,"Two identical light bulbs are connected in parallel to an ideal battery. If one bulb burns out and opens its branch, what happens to the other bulb?",It becomes brighter because the failed branch adds voltage,It also goes out because current cannot pass through the failed bulb,It becomes part of a series circuit,It remains lit because its branch is still complete,"Екі бірдей шам мінсіз батареяға параллель қосылған. Бір шам жанып, бұтағын ашса, екінші шамға не болады?","Ол жарқырайды, себебі істен шыққан тармақ кернеуді қосады","Ол сондай-ақ өшеді, себебі істен шыққан шам арқылы ток өте алмайды",Ол тізбекті тізбектің бөлігі болады,"Ол жанып тұрады, себебі оның тармағы әлі аяқталды",pending,pending,pending,pending,pending,,,
master_math_007,mathematics,hard,no,D,B,Two consecutive positive even integers have a product of 168. What is their sum?,22,24,28,26,Қатарынан екі оң жұп бүтін санның көбейтіндісі 168. Олардың қосындысы неге тең?,22,24,28,26,pending,pending,pending,pending,pending,,,
master_math_045,mathematics,medium,no,C,D,"What is the area of a circle with radius 7 centimeters, expressed in terms of pi?",7 pi square centimeters,28 pi square centimeters,49 pi square centimeters,14 pi square centimeters,"Радиусы 7 сантиметр шеңбердің ауданы неге тең, пи арқылы өрнектеледі?",7 пи шаршы сантиметр,28 пи шаршы сантиметр,49 пи шаршы сантиметр,14 пи шаршы сантиметр,pending,pending,pending,pending,pending,,,
master_cs_054,computer_science,easy,no,A,B,"What software manages the storage, querying, and access control of a database?",Database management system,Text editor,Packet router,Device driver,"Дерекқорды сақтауды, сұрауды және қол жеткізуді басқаруды қандай бағдарламалық құрал басқарады?",Дерекқорды басқару жүйесі,Мәтіндік редактор,Пакет маршрутизаторы,Құрылғы драйвері,pending,pending,pending,pending,pending,,,
master_science_027,science,medium,no,D,B,Which change would most directly increase the concentration of sugar in an unsaturated sugar solution?,Remove some dissolved sugar only,Add more water without adding sugar,Keep both sugar and water amounts unchanged,Dissolve more sugar without changing the water amount,Қандай өзгеріс қанықпаған қант ерітіндісіндегі қант концентрациясын неғұрлым тікелей арттырады?,Кейбір еріген қантты ғана алып тастаңыз,Қант қоспай көбірек су қосыңыз,Қант пен судың мөлшерін де өзгеріссіз қалдырыңыз,Су мөлшерін өзгертпей қантты көбірек ерітіңіз,pending,pending,pending,pending,pending,,,
master_math_077,mathematics,medium,no,B,D,"The variable y varies directly with x. If y = 18 when x = 6, what is y when x = 10?",24,30,60,28,"y айнымалысы тікелей x арқылы өзгереді. x = 6 болғанда у = 18 болса, х = 10 болғанда у неге тең?",24,30,60,28,pending,pending,pending,pending,pending,,,
master_cs_050,computer_science,easy,no,C,A,"In SQL, what does NULL normally indicate?",The numeric value zero,An empty string in every database,A missing or unknown value,A syntax error,SQL тілінде NULL әдетте нені көрсетеді?,Сандық мән нөл,Әрбір дерекқордағы бос жол,Жетіспейтін немесе белгісіз мән,Синтаксистік қате,pending,pending,pending,pending,pending,,,
master_logic_020,logic,medium,no,D,B,All squares are rectangles. No circles are rectangles. Which conclusion must be true?,Some circles are squares,All rectangles are squares,Every non-circle is a square,No square is a circle,Барлық шаршылар тіктөртбұрыштар. Ешбір шеңбер тіктөртбұрыш емес. Қандай қорытынды дұрыс болуы керек?,Кейбір шеңберлер шаршы,Барлық төртбұрыштар шаршы,Әрбір шеңбер емес шаршы,Ешбір шаршы шеңбер емес,pending,pending,pending,pending,pending,,,
master_geo_012,geography,medium,no,A,D,Nairobi is the capital of which country?,Kenya,Tanzania,Uganda,Ethiopia,Найроби қай елдің астанасы?,Кения,Танзания,Уганда,Эфиопия,pending,pending,pending,pending,pending,,,
master_science_075,science,easy,no,D,A,"In an experiment, which variable is deliberately changed by the researcher?",Dependent variable,Controlled variable,Random error,Independent variable,Экспериментте зерттеуші қандай айнымалыны әдейі өзгертеді?,Тәуелді айнымалы,Бақыланатын айнымалы,Кездейсоқ қате,Тәуелсіз айнымалы,pending,pending,pending,pending,pending,,,
master_math_020,mathematics,medium,no,C,B,"Two parallel lines are cut by a transversal. If one interior angle is 68 degrees, what is its alternate interior angle?",34 degrees,112 degrees,68 degrees,136 degrees,"Екі параллель түзу көлденең кесілген. Бір ішкі бұрыш 68 градус болса, оның балама ішкі бұрышы неге тең?",34 градус,112 градус,68 градус,136 градус,pending,pending,pending,pending,pending,,,
master_logic_072,logic,medium,no,B,A,Ice-cream sales and sunburn cases both rise in summer; therefore ice-cream causes sunburn. What is the main error?,Using a definition,Treating correlation as proof of causation,Applying modus ponens,Drawing a conclusion from identical premises,Балмұздақ сату және күнге күйіп қалу жағдайлары жазда өседі; сондықтан балмұздақ күннің күйіп қалуына әкеледі. Негізгі қате қандай?,Анықтаманы пайдалану,Корреляцияны себептілік дәлелі ретінде қарастыру,Modus ponens қолдану,Бірдей алғышарттардан қорытынды жасау,pending,pending,pending,pending,pending,,,
master_geo_071,geography,hard,no,B,D,A glacier erodes a former river valley for thousands of years. Which cross-sectional shape is most likely afterward?,A broad flat plain with no valley,A broad U-shaped valley,A perfectly circular basin,A narrow V-shaped valley,Мұздық мыңдаған жылдар бойы бұрынғы өзен аңғарын тоздырады. Қай көлденең қиманың пішіні кейінірек болуы мүмкін?,аңғары жоқ кең жазық жазық,U-тәрізді кең алқап,Керемет дөңгелек ойпат,V-тәрізді тар аңғар,pending,pending,pending,pending,pending,,,
master_logic_048,logic,hard,no,D,A,"Among 40 people, 30 drink tea, 18 drink coffee, and 10 drink both. How many drink exactly one of the two?",38,20,8,28,"40 адамның 30-ы шай, 18-і кофе, 10-ы екеуін де ішеді. Осы екеуінің біреуін қанша ішеді?",38,20,8,28,pending,pending,pending,pending,pending,,,
master_geo_007,geography,hard,no,B,C,"A traveler visits the capitals of Portugal, Spain, and Italy in that order. Which route is correct?",Madrid → Lisbon → Rome,Lisbon → Madrid → Rome,Lisbon → Barcelona → Milan,Porto → Madrid → Venice,"Саяхатшы Португалия, Испания және Италияның астаналарына осы ретпен барады. Қай бағыт дұрыс?",Мадрид → Лиссабон → Рим,Лиссабон → Мадрид → Рим,Лиссабон → Барселона → Милан,Порто → Мадрид → Венеция,pending,pending,pending,pending,pending,,,
master_logic_012,logic,easy,no,C,A,"If P is true and Q is false, what is the truth value of 'P and Q'?",True,Both true and false,False,Cannot be evaluated,"Егер P ақиқат болса, Q жалған болса, 'P және Q' ақиқат мәні неге тең?",Ақиқат,"Ақиқат та, жалған да",Жалған,Бағалау мүмкін емес,pending,pending,pending,pending,pending,,,
master_science_047,science,hard,no,C,D,A solid object has a mass of 240 grams and a volume of 80 cubic centimeters. It is placed in a liquid of density 2 grams per cubic centimeter. What will the object do?,Float because its density is 0.33 g/cm³,Remain suspended because both densities are equal,Sink because its density is 3 g/cm³,Float because heavier objects always displace more liquid,"Қатты дененің массасы 240 грамм, көлемі 80 текше сантиметр. Ол текше сантиметрге 2 грамм тығыздықтағы сұйықтыққа орналастырылады. Объект не істейді?","Қалқыма, себебі оның тығыздығы 0,33 г/см³","Екі тығыздық те тең болғандықтан, ілулі күйде қалу",Тығыздығы 3 г/см³,"Жүзу, өйткені ауыр заттар әрқашан көбірек сұйықтықты ығыстырады.",pending,pending,pending,pending,pending,,,
master_logic_007,logic,medium,no,B,C,When is exclusive OR between P and Q true?,Only when both are true,When exactly one of P and Q is true,"Whenever at least one is true, including both",Only when both are false,P және Q арасындағы ерекше НЕМЕСЕ қашан дұрыс?,Екеуі де ақиқат болғанда ғана,P және Q нақты біреуі ақиқат болғанда,"Кем дегенде біреуі ақиқат болғанда, оның ішінде екеуі де",Тек екеуі де жалған болғанда,pending,pending,pending,pending,pending,,,
master_geo_051,geography,easy,no,C,A,Lines of latitude run mainly in which direction on a conventional map?,North–south from pole to pole,Diagonally from northwest to southeast,"East–west, parallel to the Equator",Only around coastlines,Кәдімгі картада ендік сызықтары негізінен қай бағытта өтеді?,Полюстен полюске солтүстік-оңтүстік,Диагональ бойынша солтүстік-батыстан оңтүстік-шығысқа қарай,"Шығыс-батыс, экваторға параллель",Тек жағалау сызығының айналасында,pending,pending,pending,pending,pending,,,
master_science_065,science,medium,no,B,C,Why can removing a top predator cause the population of its prey to rise sharply?,The prey stops reproducing,Predation pressure on the prey is reduced,Removing the predator directly lowers the prey's birth rate,Sunlight becomes more intense,Неліктен жоғарғы жыртқышты жою оның жыртқышының популяциясының күрт өсуіне әкелуі мүмкін?,Жыртқыш көбеюін тоқтатады,Жыртқыштың жемге қысымы төмендейді,Жыртқышты алып тастау жыртқыштың тууын тікелей төмендетеді,Күн сәулесі күшейеді,pending,pending,pending,pending,pending,,,
master_science_050,science,easy,no,C,A,What instrument is used to measure atmospheric pressure?,Hygrometer,Anemometer,Barometer,Seismometer,Атмосфералық қысымды өлшеу үшін қандай құрал қолданылады?,Гигрометр,Анемометр,Барометр,Сейсмометр,pending,pending,pending,pending,pending,,,
master_math_061,mathematics,easy,no,C,A,A fair coin is tossed once. What is the probability of getting heads?,1,1/4,1/2,0,Әділ тиын бір рет лақтырылады. Бастың пайда болу ықтималдығы қандай?,1,1/4,1/2,0,pending,pending,pending,pending,pending,,,
master_science_061,science,medium,no,A,B,"A tall plant with genotype Tt is crossed with a short plant with genotype tt, where T is dominant. What fraction of the offspring is expected to be short?",One half,One quarter,None,All,"Tt генотипі бар биік өсімдік tt генотипті қысқа өсімдікпен қиылысады, мұнда T басым болады. Ұрпақтардың қандай бөлігі қысқа болады деп күтілуде?",Бір жарты,Төрттен бір,Ешбір,Барлығы,pending,pending,pending,pending,pending,,,
master_science_005,science,medium,no,C,A,"A plant's stomata close during a hot, dry afternoon. What immediate benefit does this provide?",It increases carbon dioxide entry,It speeds mineral absorption by roots,It reduces water loss through transpiration,It increases light capture by chlorophyll,"Өсімдіктің устьицалары ыстық, құрғақ түсте жабылады. Бұл дереу қандай пайда әкеледі?",Көмірқышқыл газының түсуін арттырады,Тамырдың минералды сіңуін тездетеді,Транспирация арқылы судың жоғалуын азайтады,Хлорофиллдің жарықты қабылдауын арттырады.,pending,pending,pending,pending,pending,,,
master_cs_036,computer_science,hard,no,D,C,What integer range can an 8-bit two's-complement value represent?,0 through 255,-127 through 127,-255 through 255,-128 through 127,8-разрядты екі толықтауыш мәні қандай бүтін сан ауқымын көрсете алады?,0-ден 255-ке дейін,-127-ден 127-ге дейін,-255-тен 255-ке дейін,-128-ден 127-ге дейін,pending,pending,pending,pending,pending,,,
master_cs_002,computer_science,medium,no,C,A,"In the assignment `x = x + 3`, what does the statement normally do in an imperative language?",Tests whether x equals x plus 3,Creates an equation that must always be true,Replaces x's current value with a value three larger,Leaves x unchanged because both sides contain x,`x = x + 3` тапсырмасында оператор әдетте императивті тілде не істейді?,x тең х плюс 3 екенін тексереді,Әрқашан ақиқат болуы керек теңдеуді жасайды,x мәнін үш үлкен мәнмен ауыстырады,"x мәнін өзгеріссіз қалдырады, себебі екі жағында x бар",pending,pending,pending,pending,pending,,,
master_logic_061,logic,hard,no,B,C,"Four tasks D, A, B, and C must be ordered. D is before A, A is before B, and C is after B. Which order is required?","A, D, B, C","D, A, B, C","D, B, A, C","D, A, C, B","D, A, B және C төрт тапсырмаға тапсырыс беру керек. D – А алдында, А – В алдында, С – В-ден кейін. Қандай реттілік қажет?","A, D, B, C","D, A, B, C","D, B, A, C","D, A, C, B",pending,pending,pending,pending,pending,,,
master_geo_052,geography,easy,no,C,B,A location at 25° south latitude lies in which hemisphere?,Eastern Hemisphere only,Northern Hemisphere,Southern Hemisphere,Western Hemisphere only,25° оңтүстік ендікте орналасқан жер қай жарты шарда жатыр?,Тек Шығыс жарты шар,Солтүстік жарты шар,Оңтүстік жарты шар,Тек Батыс жарты шар,pending,pending,pending,pending,pending,,,
master_geo_014,geography,easy,no,B,A,Hanoi is the capital of which country?,Thailand,Vietnam,Laos,Cambodia,Ханой қай елдің астанасы?,Тайланд,Вьетнам,Лаос,Камбоджа,pending,pending,pending,pending,pending,,,
master_cs_009,computer_science,medium,no,D,A,A program starts successfully but stops when it attempts to divide by zero. How is this problem best classified?,A syntax error detected before execution,A spelling error in a comment,A hardware upgrade,A runtime error,"Бағдарлама сәтті басталады, бірақ ол нөлге бөлуге әрекет жасағанда тоқтайды. Бұл мәселе ең жақсы қалай жіктеледі?",Орындау алдында анықталған синтаксистік қате,Түсініктемедегі емле қатесі,Аппараттық құралды жаңарту,Орындалу уақытының қатесі,pending,pending,pending,pending,pending,,,
master_cs_069,computer_science,medium,no,D,B,Which situation describes a deadlock?,One task finishes earlier than expected,A process voluntarily releases every resource before requesting another,The processor executes independent tasks in sequence,Tasks wait indefinitely for resources held by one another,Қандай жағдай тығырықты сипаттайды?,Бір тапсырма күтілгеннен ерте аяқталады,Процесс басқа сұраудан бұрын әрбір ресурсты өз еркімен босатады,Процессор тәуелсіз тапсырмаларды ретімен орындайды,Тапсырмалар бір-біріне тиесілі ресурстарды шексіз күтеді,pending,pending,pending,pending,pending,,,
master_cs_032,computer_science,easy,no,B,D,Which collection type is designed to store each distinct value at most once?,List,Set,Queue,Array with unrestricted duplicates,Қандай коллекция түрі әр ерекше мәнді бір уақытта сақтауға арналған?,Тізім,Орнату,Кезек,Шектеусіз көшірмелері бар массив,pending,pending,pending,pending,pending,,,
master_geo_070,geography,medium,no,B,A,Which countries make up the Benelux grouping?,"Belgium, Denmark, and Luxembourg","Belgium, the Netherlands, and Luxembourg","Belarus, the Netherlands, and Switzerland","Belgium, Norway, and Liechtenstein",Бенилюкс тобына қай елдер кіреді?,"Бельгия, Дания және Люксембург","Бельгия, Нидерланды және Люксембург","Беларусь, Нидерланды және Швейцария","Бельгия, Норвегия және Лихтенштейн",pending,pending,pending,pending,pending,,,
master_math_033,mathematics,medium,no,A,B,"After a number is decreased by 15%, the result is 68. What was the original number?",80,83,72,100,Санды 15%-ға азайтқаннан кейін нәтиже 68 болады. Бастапқы сан қандай болды?,80,83,72,100,pending,pending,pending,pending,pending,,,
master_math_065,mathematics,easy,no,A,B,"What is the range of the data set 4, 9, 12, 17?",13,21,8,17,"4, 9, 12, 17 деректер жиынының ауқымы қандай?",13,21,8,17,pending,pending,pending,pending,pending,,,
master_logic_065,logic,medium,no,B,D,"Three boxes—red, blue, and green—are arranged in a row. Red is left of blue, and green is right of blue. Which box is in the middle?",Red,Blue,Green,The middle cannot be determined,"Үш қорап — қызыл, көк және жасыл — қатарда орналасқан. Қызыл түс көктің сол жағында, жасыл түс көктің оң жағында. Қандай қорап ортасында?",Қызыл,Көк,Жасыл,Ортасын анықтау мүмкін емес,pending,pending,pending,pending,pending,,,
master_logic_077,logic,medium,no,A,D,"After meeting two rude tourists from one town, I conclude that everyone from that town is rude. Which error is this?",Hasty generalization,Modus tollens,Valid deduction,Appeal to authority,"Бір қаладан келген екі дөрекі туристерді кездестіргеннен кейін, мен бұл қаладан келгендердің барлығы дөрекі деген қорытындыға келдім. Бұл қай қателік?",Асығыс жалпылау,Модельдік төлемдер,Жарамды шегерім,Билікке шағымдану,pending,pending,pending,pending,pending,,,
master_cs_043,computer_science,medium,no,A,B,"During the basic instruction cycle, what normally happens after an instruction is fetched from memory?",It is decoded before its operation is executed,It is executed immediately without being decoded,The operating system is always reinstalled,The processor powers off,Нұсқаулардың негізгі циклі кезінде жадтан нұсқау алынғаннан кейін әдетте не болады?,Жұмыс орындалмай тұрып ол декодталады,Ол декодсыздан бірден орындалады,Амалдық жүйе әрқашан қайта орнатылады,Процессор өшіріледі,pending,pending,pending,pending,pending,,,
master_geo_053,geography,easy,no,C,D,Which coordinate measures position east or west of the Prime Meridian?,Elevation,Map scale,Longitude,Latitude,Қандай координат Бас меридианнан шығысқа немесе батысқа қарай орналасады?,Биіктігі,Карта масштабы,Бойлық,Ендік,pending,pending,pending,pending,pending,,,
master_math_022,mathematics,easy,no,A,B,What is 7 + 3 × 4 using the standard order of operations?,19,40,28,31,Амалдардың стандартты ретін қолданатын 7 + 3 × 4 дегеніміз не?,19,40,28,31,pending,pending,pending,pending,pending,,,
master_logic_062,logic,easy,no,D,A,"Nina finishes before Omar, and Omar finishes before Pia. Who finishes last?",Nina,Omar,Nina and Omar together,Pia,"Нина Омардан бұрын, ал Омар Пиадан бұрын аяқтайды. Кім соңғы аяқтайды?",Нина,Омар,Нина мен Омар бірге,Пиа,pending,pending,pending,pending,pending,,,
master_cs_051,computer_science,easy,no,C,D,Which relational operation combines rows from two tables using a related column?,Backup,Rollback,Join,Union,Қандай реляциялық операция қатысты бағанды ​​пайдаланып екі кестенің жолдарын біріктіреді?,Сақтық көшірме,Кері қайтару,Қосылыңыз,Одақ,pending,pending,pending,pending,pending,,,
master_cs_038,computer_science,easy,no,B,D,Which electronic component is the basic switching element used to build modern digital logic gates?,Loudspeaker,Transistor,Mechanical keyboard,Resistor,Қазіргі цифрлық логикалық қақпаларды құру үшін қолданылатын негізгі коммутациялық элемент қандай электрондық компонент болып табылады?,Дауыс зорайтқыш,Транзистор,Механикалық пернетақта,Резистор,pending,pending,pending,pending,pending,,,
master_logic_033,logic,medium,no,A,D,Submitting the completed form is sufficient to receive a confirmation number. Ivo submitted the completed form. What follows?,Ivo receives a confirmation number,Only Ivo can submit a form,A confirmation number is necessary to submit,Receiving a confirmation would prove that a completed form was submitted,Толтырылған пішінді жіберу растау нөмірін алу үшін жеткілікті. Ivo толтырылған пішінді жіберді. Бұдан кейін не болады?,Ivo растау нөмірін алады,Тек Ivo пішінді жібере алады,Растау нөмірі жіберу үшін қажет,Растауды алу толтырылған пішіннің жіберілгенін дәлелдейді,pending,pending,pending,pending,pending,,,
master_math_027,mathematics,easy,no,C,B,What is the greatest common divisor of 20 and 30?,2,5,10,15,20 мен 30 сандарының ең үлкен ортақ бөлгіші қандай?,2,5,10,15,pending,pending,pending,pending,pending,,,
master_logic_067,logic,easy,no,C,B,Ava and Bo must sit next to each other. Which seating order satisfies that constraint?,"Ava, Cy, Bo","Bo, Cy, Ava","Cy, Ava, Bo","Ava, Cy, Dana, Bo",Ава мен Бо бір-бірінің қасында отыруы керек. Қандай отыру тәртібі бұл шектеуді қанағаттандырады?,"Ava, Cy, Bo","Bo, Cy, Ava","Cy, Ava, Bo","Ava, Cy, Дана, Бо",pending,pending,pending,pending,pending,,,
master_logic_002,logic,easy,no,D,B,When is the conjunction 'P and Q' true?,"Whenever P is true, regardless of Q",When at least one of P and Q is true,Only when both are false,Only when both P and Q are true,'P және Q' жалғауы қашан дұрыс?,Q-ға қарамастан P ақиқат болғанда,P және Q-ның кем дегенде біреуі ақиқат болғанда,Екеуі де жалған болғанда ғана,Тек P және Q екеуі де ақиқат болғанда.,pending,pending,pending,pending,pending,,,
master_cs_031,computer_science,easy,no,A,C,Which search method checks elements one by one until the target is found or the collection ends?,Linear search,Hash-table lookup,Binary search,Tree rotation,Қандай іздеу әдісі мақсат табылғанша немесе жинақ аяқталғанша элементтерді бір-бірден тексереді?,Сызықтық іздеу,Хэш кестені іздеу,Екілік іздеу,Ағашты айналдыру,pending,pending,pending,pending,pending,,,
master_logic_041,logic,medium,no,A,C,"Let A = {1, 2, 3} and B = {3, 4}. What is A intersect B?",{3},"{1, 2, 3, 4}","{1, 2}",The empty set,"A = {1, 2, 3} және B = {3, 4} болсын. А қиылысы В дегеніміз не?",{3},"{1, 2, 3, 4}","{1, 2}",Бос жиын,pending,pending,pending,pending,pending,,,
master_math_017,mathematics,medium,no,C,A,A car travels 180 kilometers in 3 hours at a constant speed. How far does it travel in 5 hours?,60 kilometers,240 kilometers,300 kilometers,360 kilometers,Көлік тұрақты жылдамдықпен 3 сағатта 180 шақырым жол жүреді. Ол 5 сағатта қанша жол жүреді?,60 километр,240 километр,300 километр,360 километр,pending,pending,pending,pending,pending,,,
master_math_021,mathematics,hard,no,C,B,A price of $200 is increased by 10% and then the increased price is reduced by 10%. What is the final price?,$180,$200,$198,$220,"$200 бағасы 10%-ға көтеріледі, содан кейін көтерілген баға 10%-ға төмендейді. Соңғы бағасы қандай?",$180,$200,$198,$220,pending,pending,pending,pending,pending,,,
master_geo_069,geography,medium,no,B,D,Which set contains the three Scandinavian kingdoms in the narrow conventional sense?,"Finland, Iceland, and Estonia","Denmark, Norway, and Sweden","Germany, Denmark, and Poland","Norway, Finland, and Russia",Тар шартты мағынада үш Скандинавия патшалығының қайсысы бар?,"Финляндия, Исландия және Эстония","Дания, Норвегия және Швеция","Германия, Дания және Польша","Норвегия, Финляндия және Ресей",pending,pending,pending,pending,pending,,,
master_cs_028,computer_science,medium,no,B,A,What property makes a sorting algorithm stable?,It never uses extra memory,It preserves the relative order of records with equal keys,It always runs in O(n) time,It produces the same pivot on every run,Қандай қасиет сұрыптау алгоритмін тұрақты етеді?,Ол ешқашан қосымша жадты пайдаланбайды,Ол тең пернелермен жазбалардың салыстырмалы ретін сақтайды,Әрқашан O(n) уақытында жұмыс істейді,Әр іске қосуда бірдей айналуды жасайды,pending,pending,pending,pending,pending,,,
master_math_019,mathematics,easy,no,D,A,How many lines of symmetry does a rectangle that is not a square have?,4,1,0,2,Шаршы емес төртбұрыштың неше симметрия сызығы бар?,4,1,0,2,pending,pending,pending,pending,pending,,,
master_cs_042,computer_science,easy,no,B,D,How many bits are in one byte?,2,8,10,16,Бір байтта қанша бит бар?,2,8,10,16,pending,pending,pending,pending,pending,,,
master_math_058,mathematics,medium,no,B,D,The three-digit number 4a2 is divisible by 9. What digit is a?,1,3,5,6,Үш таңбалы 4a2 саны 9-ға бөлінеді. а цифры қандай цифр?,1,3,5,6,pending,pending,pending,pending,pending,,,
master_science_051,science,easy,no,B,A,Which process turns water vapor into liquid droplets in clouds?,Evaporation,Condensation,Sublimation,Infiltration,Қандай процесс су буын бұлттағы сұйық тамшыларға айналдырады?,булану,конденсация,сублимация,инфильтрация,pending,pending,pending,pending,pending,,,
master_math_018,mathematics,medium,no,A,D,What is the least common multiple of 18 and 24?,72,36,48,144,18 мен 24 сандарының ең кіші ортақ еселігі қандай?,72,36,48,144,pending,pending,pending,pending,pending,,,
master_logic_014,logic,medium,no,C,D,"Among the four possible truth assignments to P and Q, under how many is exclusive OR true?",One,Four,Two,Three,P және Q үшін мүмкін болатын төрт ақиқат тағайындауларының ішінде қаншасы ерекше НЕМЕСЕ ақиқат?,Бір,Төрт,Екі,Үш,pending,pending,pending,pending,pending,,,
master_science_074,science,easy,no,B,D,Which object is a natural satellite of Earth?,Mars,The Moon,The Sun,Venus,Қандай объект Жердің табиғи серігі болып табылады?,Марс,Ай,Күн,Венера,pending,pending,pending,pending,pending,,,
master_logic_057,logic,medium,no,A,C,"What number follows 3, 6, 11, 18, 27 when the increases are consecutive odd numbers 3, 5, 7, and 9?",38,36,40,54,"3, 6, 11, 18, 27 қатарлы тақ сандар 3, 5, 7 және 9 көбейтінділерінен кейін қандай сан шығады?",38,36,40,54,pending,pending,pending,pending,pending,,,
master_math_057,mathematics,medium,no,A,D,What is the sum of the first 20 positive integers?,210,190,220,200,Алғашқы 20 натурал санның қосындысы неге тең?,210,190,220,200,pending,pending,pending,pending,pending,,,
master_logic_035,logic,easy,no,C,B,A switch is active if and only if its indicator is green. The indicator is not green. What follows?,The switch is active,The switch may be active because only one direction holds,The switch is not active,The indicator must be red,Коммутатор тек оның индикаторы жасыл болса ғана белсенді болады. Көрсеткіш жасыл емес. Бұдан кейін не болады?,Коммутатор белсенді,"Қосқыш белсенді болуы мүмкін, себебі тек бір бағыт ұстайды",Коммутатор белсенді емес,Индикатор қызыл болуы керек,pending,pending,pending,pending,pending,,,
master_science_032,science,easy,no,D,B,Which form of energy is stored in a stretched elastic band?,Sound energy,Kinetic energy,Nuclear energy,Elastic potential energy,Созылған серпімді жолақта энергияның қай түрі сақталады?,Дыбыс энергиясы,Кинетикалық энергия,Ядролық энергия,Серпімді потенциалдық энергия,pending,pending,pending,pending,pending,,,
master_geo_002,geography,medium,no,A,C,Ottawa is the capital of which country?,Canada,Ireland,United States,Iceland,Оттава қай елдің астанасы?,Канада,Ирландия,Америка Құрама Штаттары,Исландия,pending,pending,pending,pending,pending,,,
master_logic_054,logic,medium,yes,C,A,"The letter pattern A, C, F, J advances by 2, then 3, then 4 alphabet positions. Which letter comes next?",N,P,O,M,"A, C, F, J әріптерінің тізбегі әліпбиде алдымен 2, кейін 3, одан соң 4 орынға ілгерілейді. Келесі әріп қайсы?",N,P,O,M,pending,pending,pending,pending,pending,,,
master_logic_039,logic,medium,yes,A,D,A permit is issued only if the applicant passes the review. A permit was issued to Ren. What follows?,Ren passed the review,Passing guarantees a permit in every case,Ren did not apply,The review was optional,Рұқсат өтініш беруші тексеруден өткен жағдайда ғана беріледі. Ренге рұқсат берілді. Бұдан қандай қорытынды шығады?,Рен тексеруден өтті,Өту әр жағдайда рұқсатқа кепілдік береді,Рен өтініш берген жоқ,Тексеру міндетті емес,pending,pending,pending,pending,pending,,,
master_logic_059,logic,easy,no,D,C,"What letter comes next in Z, X, V, T, ... when the pattern moves backward two alphabet positions each step?",Q,S,P,R,"Үлгі әр қадам сайын екі алфавиттік орынға артқа жылжыған кезде Z, X, V, T, ... әріптерінде келесі әріп келеді?",Q,S,P,R,pending,pending,pending,pending,pending,,,
master_math_059,mathematics,medium,no,B,D,What is the principal square root of 0.0081?,0.009,0.09,0.81,0.9,"0,0081 санының негізгі квадрат түбірі қандай?","0,009","0,09","0,81","0,9",pending,pending,pending,pending,pending,,,
master_geo_077,geography,medium,no,D,A,Which process most directly deepens a canyon cut by a river?,Wind depositing sand across the channel,Coral growth,Glacial deposition only,Long-term downward erosion by flowing water,Қандай процесс өзенмен кесілген каньонды тереңдетеді?,Арна бойымен жел тұндыратын құм,Маржан өсімі,Тек мұздық шөгіндісі,Ағынды судың ұзақ мерзімді төмен қарай эрозиясы,pending,pending,pending,pending,pending,,,
master_science_062,science,easy,no,B,C,Which component of blood helps form clots after a cut?,Plasma only,Platelets,Red blood cells,Antibodies,Қанның қай құрамдас бөлігі кесілгеннен кейін ұйығыштардың пайда болуына көмектеседі?,Тек плазма,Тромбоциттер,Эритроциттер,Антиденелер,pending,pending,pending,pending,pending,,,
master_geo_065,geography,medium,no,B,D,Why have many settlements historically developed near reliable rivers?,Rivers eliminate every flood risk,"Rivers can provide water, transport routes, and fertile land",Rivers guarantee a cold climate,Rivers always provide perfectly clean drinking water,Неліктен көптеген елді мекендер тарихи түрде сенімді өзендердің жанында дамыған?,Өзендер барлық су тасқыны қаупін жояды,"Өзендер сумен, көлік жолдарымен және құнарлы жермен қамтамасыз ете алады",Өзендер суық климатқа кепілдік береді,Өзендер әрқашан таза ауыз сумен қамтамасыз етеді,pending,pending,pending,pending,pending,,,
master_math_009,mathematics,easy,no,A,C,How many edges does a cube have?,12,14,8,6,Текшенің неше қыры бар?,12,14,8,6,pending,pending,pending,pending,pending,,,
master_math_015,mathematics,easy,no,D,C,What is the sum of the interior angles of any triangle?,90 degrees,270 degrees,360 degrees,180 degrees,Кез келген үшбұрыштың ішкі бұрыштарының қосындысы неге тең?,90 градус,270 градус,360 градус,180 градус,pending,pending,pending,pending,pending,,,
master_math_079,mathematics,easy,no,B,C,"If every value in a data set is the same, what is the range of the data set?",-1,0,1,Undefined,"Деректер жиынындағы әрбір мән бірдей болса, деректер жиынының ауқымы қандай?",-1,0,1,Анықталмаған,pending,pending,pending,pending,pending,,,
master_geo_016,geography,medium,no,C,A,Which city is the capital of South Korea?,Busan,Incheon,Seoul,Daegu,Оңтүстік Кореяның астанасы қай қала?,Пусан,Инчхон,Сеул,Тэгу,pending,pending,pending,pending,pending,,,
master_cs_015,computer_science,easy,no,D,A,What does a debugger breakpoint do?,Stops the program permanently so execution cannot continue,Automatically proves the program correct,Restarts the operating system,Pauses execution at a chosen point for inspection,Отладчиктің тоқтау нүктесі не істейді?,Орындауды жалғастыра алмайтындықтан бағдарламаны біржола тоқтатады,Бағдарламаның дұрыстығын автоматты түрде дәлелдейді,Амалдық жүйені қайта іске қосады,Тексеру үшін таңдалған нүктеде орындауды тоқтатады,pending,pending,pending,pending,pending,,,
master_logic_063,logic,medium,no,D,C,"Tasks X, Y, and Z occupy slots 1, 2, and 3. X is not first, and Y is immediately before X. Which order is possible?","X, Y, Z","Z, X, Y","Y, Z, X","Y, X, Z","X, Y және Z тапсырмалары 1, 2 және 3 ұяшықтарды алады. X бірінші емес, ал Y бірден X алдында. Қандай реттілік болуы мүмкін?","X, Y, Z","Z, X, Y","Y, Z, X","Y, X, Z",pending,pending,pending,pending,pending,,,
master_cs_077,computer_science,medium,no,C,D,What does the principle of least privilege require?,Every account receives administrator rights,Permissions are never reviewed,Each user or component receives only the access needed for its task,Every user receives the same standard set of permissions,Ең аз артықшылық принципі нені талап етеді?,Әрбір тіркелгі әкімші құқықтарын алады,Рұқсаттар ешқашан қаралмайды,Әрбір пайдаланушы немесе құрамдас тек өз тапсырмасына қажетті қатынасты алады,Әрбір пайдаланушы рұқсаттардың бірдей стандартты жинағын алады,pending,pending,pending,pending,pending,,,
master_cs_005,computer_science,medium,no,A,C,What is the distinction between a function parameter and an argument?,A parameter is named in the function definition; an argument is supplied in a call,A parameter is always numeric; an argument is always text,An argument is named in the definition; a parameter is supplied in a call,They differ only when a program has no functions,Функция параметрі мен аргументтің айырмашылығы неде?,Функция анықтамасында параметр аталды; аргумент шақыруда беріледі,Параметр әрқашан сандық болады; аргумент әрқашан мәтін,Аргумент анықтамада аталған; параметр шақыруда беріледі,Олар бағдарламаның функциялары болмаған кезде ғана ерекшеленеді,pending,pending,pending,pending,pending,,,
master_logic_008,logic,easy,no,C,B,How is the proposition 'R and not R' classified?,Tautology,Contingent proposition,Contradiction,Biconditional,"""R емес, R"" ұсынысы қалай жіктеледі?",Тавтология,Шартты ұсыныс,Қарама-қайшылық,Екі шартты,pending,pending,pending,pending,pending,,,
master_logic_015,logic,medium,no,B,D,All cedar objects are wooden. No wooden objects are transparent. What must follow?,Some transparent objects are cedar,No cedar objects are transparent,All transparent objects are wooden,All non-transparent objects are cedar,Барлық балқарағай заттары ағаштан жасалған. Ешбір ағаш заттар мөлдір емес. Нені ұстану керек?,Кейбір мөлдір заттар балқарағай,Ешбір балқарағай заттары мөлдір емес,Барлық мөлдір заттар ағаш,Барлық мөлдір емес заттар балқарағай,pending,pending,pending,pending,pending,,,
master_science_030,science,medium,no,B,D,"When liquid water boils at constant pressure, why does its temperature remain constant until boiling is complete?",The heater stops transferring energy,Added energy separates molecules during the phase change,The water loses all molecular motion,Added energy should keep raising the liquid's temperature,"Сұйық су тұрақты қысымда қайнағанда, қайнау аяқталғанша оның температурасы неге тұрақты болып қалады?",Қыздырғыш энергияны беруді тоқтатады,Қосылған энергия фазаның өзгеруі кезінде молекулаларды бөледі,Су барлық молекулалық қозғалысты жоғалтады,Қосылған энергия сұйықтықтың температурасын жоғарылату керек,pending,pending,pending,pending,pending,,,
master_cs_065,computer_science,medium,no,C,B,What is a principal difference between a process and a thread?,A thread always has its own computer,"Processes must share all memory, while threads never do","Threads in one process share its address space, while separate processes normally have distinct address spaces",A process cannot contain executable code,Процесс пен ағынның негізгі айырмашылығы неде?,Ағынның әрқашан өз компьютері болады,"Процестер барлық жадты ортақ пайдалануы керек, ал ағындар ешқашан жасамайды","Бір процестегі ағындар өзінің мекенжай кеңістігін бөліседі, ал бөлек процестерде әдетте әр түрлі адрестік кеңістіктер болады",Процесс орындалатын кодты қамтуы мүмкін емес.,pending,pending,pending,pending,pending,,,
master_science_067,science,easy,no,C,D,What is the name of the galaxy that contains our Solar System?,Andromeda Galaxy,Triangulum Galaxy,Milky Way Galaxy,Whirlpool Galaxy,Біздің Күн жүйесі бар галактика қалай аталады?,Андромеда галактикасы,Үшбұрышты галактика,Құс жолы галактикасы,Дөңес галактика,pending,pending,pending,pending,pending,,,
master_geo_037,geography,medium,no,B,A,What is an isthmus?,A narrow sea passage between landmasses,A narrow strip of land connecting larger land areas,A circular coral island,A high flat plain,Истмус дегеніміз не?,Құрлық массивтері арасындағы тар теңіз жолы,Ірі жер аумақтарын байланыстыратын тар құрлық жолағы,Дөңгелек маржан аралы,Биік жазық жазық,pending,pending,pending,pending,pending,,,
master_geo_001,geography,medium,no,A,C,Which city is the capital of Brazil?,Brasília,Rio de Janeiro,São Paulo,Salvador,Бразилияның астанасы қай қала?,Бразилия,Рио-де-Жанейро,Сан-Паулу,Сальвадор,pending,pending,pending,pending,pending,,,
master_geo_030,geography,medium,no,C,B,The Red Sea separates northeastern Africa from which peninsula?,Iberian Peninsula,Scandinavian Peninsula,Arabian Peninsula,Korean Peninsula,Қызыл теңіз солтүстік-шығыс Африканы қай түбектен бөледі?,Пиреней түбегі,Скандинавия түбегі,Араб түбегі,Корей түбегі,pending,pending,pending,pending,pending,,,
master_cs_044,computer_science,easy,no,C,A,Which processor component performs arithmetic and logical operations?,Control unit,Instruction register,Arithmetic logic unit,Address bus,Қандай процессор компоненті арифметикалық және логикалық операцияларды орындайды?,Басқару блогы,Нұсқаулар регистрі,Арифметикалық логикалық блок,Адрес шинасы,pending,pending,pending,pending,pending,,,
master_math_025,mathematics,easy,no,A,D,What is 3.2 multiplied by 10?,32,0.32,13.2,320,"3,2-ні 10-ға көбейткенде нешеге тең болады?",32,"0,32","13,2",320,pending,pending,pending,pending,pending,,,
master_geo_020,geography,medium,no,C,D,Which country is part of the mainland region commonly called Southeast Asia?,Japan,Mongolia,Thailand,Nepal,Қай ел Оңтүстік-Шығыс Азия деп аталатын материктік аймаққа жатады?,Жапония,Моңғолия,Тайланд,Непал,pending,pending,pending,pending,pending,,,
master_math_012,mathematics,easy,no,D,A,How many degrees are in a right angle?,180 degrees,45 degrees,60 degrees,90 degrees,Тік бұрышта неше градус бар?,180 градус,45 градус,60 градус,90 градус,pending,pending,pending,pending,pending,,,
master_math_011,mathematics,medium,no,D,A,Five eighths of a number is 35. What is the number?,40,48,64,56,Санның сегізден бесі 35. Сан нешеге тең?,40,48,64,56,pending,pending,pending,pending,pending,,,
master_geo_045,geography,medium,no,A,C,What is a monsoon primarily?,A seasonal reversal of prevailing winds that often changes rainfall,A permanent ocean current,A daily sea breeze lasting one hour,A type of earthquake,Муссон дегеніміз не?,Жаңбырды жиі өзгертетін үстем желдердің маусымдық ауысуы,Тұрақты мұхит ағысы,Бір сағатқа созылатын күнделікті теңіз самалы,Жер сілкінісінің түрі,pending,pending,pending,pending,pending,,,
master_geo_064,geography,medium,no,A,B,Which description best fits a rural settlement?,A settlement in a countryside area with relatively low population density,A continuous high-density central business district,Any national capital regardless of setting,A settlement that must have no roads,Қандай сипаттама ауылдық елді мекенге сәйкес келеді?,Халық тығыздығы салыстырмалы түрде төмен ауылдық аймақтағы елді мекен,Үздіксіз жоғары тығыздықтағы орталық бизнес ауданы,Орналасуына қарамастан кез келген ұлттық капитал,Жолдары болмауы керек елді мекен,pending,pending,pending,pending,pending,,,
master_science_001,science,medium,no,A,B,Which blood vessel carries oxygen-rich blood from the lungs to the heart?,Pulmonary vein,Pulmonary artery,Aorta,Vena cava,Өкпеден жүрекке оттегіге бай қанды қай тамыр тасымалдайды?,Өкпе венасы,Өкпе артериясы,Қолқа,Қуыс вена,pending,pending,pending,pending,pending,,,
master_cs_010,computer_science,medium,no,B,D,Which description best matches a pure function?,It always prints its result to the screen,For the same inputs it returns the same result and has no side effects,It changes a global variable on every call,It accepts no arguments and returns no value,Қандай сипаттама таза функцияға сәйкес келеді?,Ол әрқашан өз нәтижесін экранға басып шығарады,Бірдей кірістер үшін ол бірдей нәтижені қайтарады және ешқандай жанама әсерлері жоқ,Әрбір қоңырауда ғаламдық айнымалы мәнді өзгертеді,Ешқандай аргументтерді қабылдамайды және мәнді қайтармайды.,pending,pending,pending,pending,pending,,,
master_logic_003,logic,medium,no,B,C,"Under inclusive logical OR, when is 'P or Q' false?",When exactly one is true,When both P and Q are false,When both P and Q are true,Whenever P is false,"Инклюзивті логикалық НЕМЕСЕ жағдайында ""P немесе Q"" қай кезде жалған болады?",Нақты біреуі ақиқат болғанда,P және Q екеуі де жалған болғанда,P және Q екеуі де ақиқат болғанда,P жалған болғанда,pending,pending,pending,pending,pending,,,
master_cs_052,computer_science,hard,no,C,A,Which transaction-isolation phenomenon occurs when a transaction reads data written by another transaction that has not committed?,Lost update,Phantom read,Dirty read,Durable write,Транзакция жасалмаған басқа транзакциямен жазылған деректерді оқығанда қандай транзакцияны оқшаулау құбылысы орын алады?,Жоғалған жаңарту,Фантомды оқу,Лас оқу,Тұрақты жазу,pending,pending,pending,pending,pending,,,
master_geo_028,geography,easy,no,C,D,The Alps are a major mountain range on which continent?,Africa,South America,Europe,Asia,Альпі таулары қай материктегі ірі тау жотасы болып табылады?,Африка,Оңтүстік Америка,Еуропа,Азия,pending,pending,pending,pending,pending,,,
master_geo_078,geography,easy,yes,A,B,What is a floodplain?,"Low, relatively flat land beside a river that is subject to flooding",A high river terrace that ordinary floods cannot reach,An ocean trench,A dry plateau with no rivers,Өзен жайылмасы дегеніміз не?,"Су басу қаупі бар өзен жағасындағы аласа, салыстырмалы түрде жазық жер",Кәдімгі су тасқыны жете алмайтын биік өзен террасасы,Мұхит траншеясы,Өзендері жоқ құрғақ үстірт,pending,pending,pending,pending,pending,,,
master_science_046,science,medium,no,D,A,Why does a metal spoon feel colder than a wooden spoon kept in the same room?,The metal is necessarily at a lower temperature,Wood creates heat inside the hand,Metal has no thermal energy,Metal conducts heat away from the hand faster,Неліктен металл қасық бір бөлмеде сақталатын ағаш қасықтан гөрі суық болады?,Металл міндетті түрде төменірек температурада,Ағаш қолдың ішінде жылу жасайды,Металдың жылу энергиясы жоқ,Металл қолдың жылуын тезірек өткізеді.,pending,pending,pending,pending,pending,,,
master_geo_068,geography,easy,no,B,C,Which settlement pattern has buildings grouped closely around a central point?,Dispersed,Nucleated,Linear only,Uninhabited,Ғимараттар орталық нүктенің айналасында тығыз топтастырылған қандай елді мекен үлгісі?,Дисперсті,Ядролы,Тек сызықты,Тұрмайтын,pending,pending,pending,pending,pending,,,
master_geo_031,geography,medium,no,B,D,The Gobi Desert extends across parts of Mongolia and which neighboring country?,India,China,Iran,Kazakhstan,Гоби шөлі Моңғолияның кейбір бөліктерін және көршілес қай елді қамтиды?,Үндістан,Қытай,Иран,Қазақстан,pending,pending,pending,pending,pending,,,
master_science_053,science,medium,yes,D,A,"A warm, moist air mass is forced upward over a mountain. Why is precipitation likely on the windward side?",Rising air is compressed and warms,Mountains create water from rock,Gravity stops acting on water vapor,"Rising air expands, cools, and its water vapor condenses","Жылы, ылғалды ауа массасы таудан жоғары көтеріледі. Неліктен жел жақта жауын-шашын болуы мүмкін?",Көтерілген ауа сығылады және жылынады,Таулар тау жыныстарынан су жасайды,Су буына ауырлық күші әсер етуді тоқтатады,"Көтерілген ауа кеңейеді, салқындайды және оның су буы конденсацияланады",pending,pending,pending,pending,pending,,,
master_logic_079,logic,easy,no,C,A,"Asked whether a policy reduced costs, a speaker talks only about the office's new paint color. What tactic is this?",Sound deduction,Contraposition,Red herring,Valid analogy,Саясат шығындарды азайтты ма деген сұраққа баяндамашы кеңсенің жаңа бояу түсі туралы ғана айтады. Бұл қандай тактика?,Дыбыстық шегерім,Қарама-қайшылық,Қызыл майшабақ,Жарамды аналогия,pending,pending,pending,pending,pending,,,
master_geo_022,geography,medium,no,D,C,The Danube River empties into which sea?,Baltic Sea,Adriatic Sea,Caspian Sea,Black Sea,Дунай өзені қай теңізге құяды?,Балтық теңізі,Адриатикалық теңізі,Каспий теңізі,Қара теңіз,pending,pending,pending,pending,pending,,,
master_logic_044,logic,medium,no,B,A,"In a group, 18 people read magazine A, 12 read magazine B, and 5 read both. How many read at least one?",30,25,35,7,"Бір топта 18 адам А журналын, 12 адам В журналын, 5 адам екеуін де оқыды. Кем дегенде біреуін қанша адам оқиды?",30,25,35,7,pending,pending,pending,pending,pending,,,
master_geo_066,geography,medium,no,D,A,What is a conurbation?,A single city surrounded by undeveloped countryside,A temporary desert camp only,A line marking equal elevation,A continuous urban area formed as neighboring towns or cities grow together,Конурбация дегеніміз не?,Дамылмаған ауылдық жерлермен қоршалған жалғыз қала,Тек уақытша шөл лагері,Бірдей биіктікті белгілейтін сызық,Көршілес қалалар немесе қалалар бірге өсіп жатқанда пайда болған үздіксіз қалалық аумақ,pending,pending,pending,pending,pending,,,
master_geo_076,geography,medium,no,D,C,What is an estuary?,The source of every mountain stream,A desert basin with no outlet,A river delta containing only freshwater,A partly enclosed coastal area where river water mixes with seawater,Эстуарий дегеніміз не?,Әрбір тау ағынының көзі,Ағасы жоқ шөл бассейні,Тек тұщы суы бар өзен атырауы,Өзен суы теңіз суымен араласатын жартылай жабық жағалау аймағы,pending,pending,pending,pending,pending,,,
master_science_026,science,hard,no,A,D,"The equation 2H2 + O2 → 2H2O shows that four H2 molecules react with three O2 molecules. After the reaction goes as far as possible, what remains?",One O2 molecule,One H2 molecule,Two H2O molecules only,No molecules remain,2H2 + O2 → 2H2O теңдеуі төрт Н2 молекуласы үш O2 молекуласымен әрекеттесетінін көрсетеді. Реакция мүмкіндігінше алысқа кеткеннен кейін не қалады?,Бір O2 молекуласы,Бір H2 молекуласы,Тек екі H2O молекуласы,Ешбір молекула қалмайды,pending,pending,pending,pending,pending,,,
master_math_043,mathematics,medium,no,B,C,A trapezoid has parallel sides of 8 centimeters and 14 centimeters and a height of 5 centimeters. What is its area?,44 square centimeters,55 square centimeters,110 square centimeters,70 square centimeters,Трапецияның параллель қабырғалары 8 сантиметр және 14 сантиметр және биіктігі 5 сантиметр. Оның ауданы қандай?,44 шаршы сантиметр,55 шаршы сантиметр,110 шаршы сантиметр,70 шаршы сантиметр,pending,pending,pending,pending,pending,,,
master_geo_039,geography,easy,no,D,B,What does a drainage divide separate?,Two political time zones,Ocean water from freshwater everywhere,Urban neighborhoods,Neighboring drainage basins,Дренаж нені бөледі?,Екі саяси уақыт белдеуі,Барлық жердегі тұщы судан келетін мұхит суы,Қалалық аудандар,Көршілес дренаждық бассейндер,pending,pending,pending,pending,pending,,,
master_math_046,mathematics,easy,no,C,D,What is the complement of a 37-degree angle?,37 degrees,63 degrees,53 degrees,143 degrees,37 градус бұрыштың толықтауышы неге тең?,37 градус,63 градус,53 градус,143 градус,pending,pending,pending,pending,pending,,,
master_math_047,mathematics,easy,no,B,C,What is 5 factorial?,60,120,25,720,5 факторлық дегеніміз не?,60,120,25,720,pending,pending,pending,pending,pending,,,
master_cs_024,computer_science,medium,no,C,B,"For a sparse graph with relatively few edges, which representation usually uses less memory?",A full adjacency matrix,A table containing every possible vertex pair,An adjacency list,A duplicated matrix for each vertex,"Салыстырмалы түрде аз жиектері бар сирек график үшін, қай көрініс әдетте жадты аз пайдаланады?",Толық іргелес матрица,Әрбір ықтимал шың жұбы бар кесте,Көршілестік тізімі,Әрбір шың үшін қайталанатын матрица,pending,pending,pending,pending,pending,,,
master_math_049,mathematics,easy,no,A,D,Which of these numbers is divisible by 3?,351,124,502,1001,Осы сандардың қайсысы 3-ке бөлінеді?,351,124,502,1001,pending,pending,pending,pending,pending,,,
master_science_024,science,easy,no,D,C,Which symbol represents the element sodium?,S,So,N,Na,Қандай таңба натрий элементін білдіреді?,S,Сондықтан,N,Na,pending,pending,pending,pending,pending,,,
master_geo_040,geography,hard,no,D,C,Which feature most commonly forms where continental crust is pulled apart over a long period?,A river delta,A coral atoll,A fold mountain from compression,A rift valley,Континенттік жер қыртысының ұзақ уақыт бойы ажырап кеткенінде қандай белгі жиі пайда болады?,Өзен сағасы,Маржан атоллы,Сығылған қатпарлы тау,Жарық аңғары,pending,pending,pending,pending,pending,,,
master_logic_024,logic,easy,no,B,D,Some books are old. No old item is digital. What follows?,All books are old,Some books are not digital,All digital items are books,No book is digital,Кейбір кітаптар ескі. Ешбір ескі элемент цифрлық емес. Бұдан кейін не болады?,Барлық кітаптар ескі,Кейбір кітаптар цифрлық емес,Барлық цифрлық элементтер кітаптар,Ешбір кітап цифрлық емес,pending,pending,pending,pending,pending,,,
master_math_054,mathematics,hard,no,A,C,"A triangle with side lengths 6, 8, and 10 is similar to a larger triangle whose shortest side is 9. What is the longest side of the larger triangle?",15,13.5,12,18,"Қабырғаларының ұзындығы 6, 8 және 10 болатын үшбұрыш ең қысқа қабырғасы 9 болатын үлкенірек үшбұрышқа ұқсайды. Үлкен үшбұрыштың ең ұзын қабырғасы қандай?",15,"13,5",12,18,pending,pending,pending,pending,pending,,,
master_math_052,mathematics,medium,no,B,C,What is the volume of a rectangular prism measuring 4 units by 5 units by 7 units?,120 cubic units,140 cubic units,16 cubic units,160 cubic units,4 бірлікке 5 бірлікке 7 бірлікке тең тікбұрышты призманың көлемі қандай?,120 текше бірлік,140 текше бірлік,16 текше бірлік,160 текше бірлік,pending,pending,pending,pending,pending,,,
master_science_080,science,easy,no,B,A,Which unit is most appropriate for measuring the volume of water in a drinking glass?,Kilograms,Milliliters,Kilometers,Degrees Celsius,Ішетін стақандағы судың көлемін өлшеу үшін қай бірлік ең қолайлы?,Килограмм,Миллилитр,Километр,Цельсий градусы,pending,pending,pending,pending,pending,,,
master_math_010,mathematics,medium,no,D,C,A walking route is 1.2 kilometers long. How many meters does a person cover by completing the route three times?,"1,200 meters","2,500 meters",360 meters,"3,600 meters","Жаяу жүру жолы 1,2 шақырымды құрайды. Маршрутты үш рет аяқтаған адам қанша метр жолды жүріп өтеді?",1200 метр,2500 метр,360 метр,3600 метр,pending,pending,pending,pending,pending,,,
master_geo_017,geography,medium,no,B,D,Which three countries are commonly described as the Baltic states?,"Norway, Sweden, and Finland","Estonia, Latvia, and Lithuania","Poland, Germany, and Denmark","Belarus, Ukraine, and Moldova",Қандай үш ел Балтық жағалауы елдері ретінде сипатталады?,"Норвегия, Швеция және Финляндия","Эстония, Латвия және Литва","Польша, Германия және Дания","Беларусь, Украина және Молдова",pending,pending,pending,pending,pending,,,
master_geo_072,geography,medium,no,D,C,How does an oxbow lake usually form?,A volcano fills with seawater,A glacier melts on a mountaintop,A river meander becomes more tightly connected to the main channel,A river meander is cut off from the main channel,Өгіз көлі әдетте қалай пайда болады?,Жанартау теңіз суына толады,Таудың басында мұздық ериді,Өзен меандры негізгі арнамен тығыз байланыста болады,Өзен меандры негізгі арнадан ажыратылды,pending,pending,pending,pending,pending,,,
master_cs_071,computer_science,medium,no,A,C,What is a mutex used for in concurrent programming?,To provide mutual exclusion around a shared resource or critical section,To increase the physical size of RAM,To allow every thread to modify shared state simultaneously,To translate source code into HTML,Мутекс бір мезгілде бағдарламалауда не үшін қолданылады?,Ортақ ресурс немесе маңызды бөлім төңірегінде өзара алып тастауды қамтамасыз ету үшін,ЖЖҚ физикалық өлшемін ұлғайту үшін,Әрбір ағынға ортақ күйді бір уақытта өзгертуге рұқсат беру үшін,Бастапқы кодты HTML тіліне аудару үшін,pending,pending,pending,pending,pending,,,
master_geo_024,geography,easy,no,C,A,On which continent does the Rhine River flow?,Asia,South America,Europe,Africa,Рейн өзені қай материкте ағып жатыр?,Азия,Оңтүстік Америка,Еуропа,Африка,pending,pending,pending,pending,pending,,,
master_science_007,science,medium,no,A,D,Which process moves water across a selectively permeable membrane from lower solute concentration to higher solute concentration?,Osmosis,Active transport,Respiration,Diffusion of solute,Қандай процесс суды селективті өткізгіш мембрана арқылы төмен еріген зат концентрациясынан жоғары еріген зат концентрациясына жылжытады?,Осмос,Белсенді тасымалдау,Тыныс алу,Еріген заттың диффузиясы,pending,pending,pending,pending,pending,,,
master_geo_057,geography,medium,no,C,A,"If it is 12:00 at longitude 0°, what is the approximate local solar time at 30° east longitude?",10:00,12:30,14:00,18:00,"0° бойлықта сағат 12:00 болса, 30° шығыс бойлықтағы шамамен жергілікті күн уақыты қандай?",10:00,12:30,14:00,18:00,pending,pending,pending,pending,pending,,,
master_science_016,science,medium,no,A,C,What happens to the particles of a liquid as the liquid cools but does not freeze?,Their average kinetic energy decreases,They stop moving completely,Their average kinetic energy increases,They become new kinds of atoms,"Сұйықтық салқындаған кезде, бірақ қатып қалмаған кезде сұйық бөлшектерімен не болады?",Олардың орташа кинетикалық энергиясы азаяды,Олар толығымен қозғалмайды,Олардың орташа кинетикалық энергиясы артады,Олар атомдардың жаңа түріне айналады,pending,pending,pending,pending,pending,,,
master_math_006,mathematics,medium,no,A,B,"On a map, 1 centimeter represents 6 kilometers. What actual distance does 8.5 centimeters represent?",51 kilometers,14.5 kilometers,48 kilometers,56 kilometers,"Картада 1 сантиметр 6 километрді білдіреді. 8,5 сантиметр қандай нақты қашықтықты білдіреді?",51 километр,"14,5 километр",48 километр,56 километр,pending,pending,pending,pending,pending,,,
master_science_035,science,easy,no,D,C,Which simple machine is a rigid bar that rotates around a fixed pivot?,Pulley,Inclined plane,Wheel and axle,Lever,Қозғалмайтын бұрылыс айналасында айналатын қатты жолақ қай қарапайым машина болып табылады?,Шкив,Көлбеу жазықтық,Доңғалақ және ось,Тетік,pending,pending,pending,pending,pending,,,
master_cs_003,computer_science,hard,no,A,D,Consider this pseudocode: `total = 0; for i from 1 to 3; for j from 1 to i; total = total + 1`. What is the final value of total?,6,3,9,4,Мына псевдокодты қарастырайық: `барлығы = 0; i үшін 1-ден 3-ке дейін; j үшін 1-ден i-ге дейін; жалпы = жалпы + 1`. Қорытындының соңғы мәні қандай?,6,3,9,4,pending,pending,pending,pending,pending,,,
master_science_060,science,medium,no,A,D,"At a divergent boundary between two oceanic plates, what typically forms as magma rises and cools?",New oceanic crust,A deep continental fold mountain only,No new rock of any kind,A gap with no new crust because the old crust only moves apart,"Екі мұхиттық плитаның арасындағы дивергентті шекарада магма көтеріліп, салқындаған кезде әдетте не пайда болады?",Жаңа мұхиттық қыртыс,Тек терең континенттік қатпарлы тау,Ешқандай жаңа тау жынысы жоқ,"Жаңа қыртысы жоқ саңылау, өйткені ескі жер қыртысы тек бір-бірінен жылжиды.",pending,pending,pending,pending,pending,,,
master_cs_040,computer_science,hard,no,D,C,Why can sequentially processing adjacent array elements be faster than accessing widely scattered elements?,Adjacent elements require no instructions,Scattered elements cannot be stored in memory,Sequential access always reduces the algorithm's asymptotic time complexity,Spatial locality lets cache lines supply nearby elements efficiently,Неліктен іргелес массив элементтерін дәйекті түрде өңдеу кеңінен шашыраңқы элементтерге қол жеткізуге қарағанда жылдамырақ болуы мүмкін?,Көрші элементтер нұсқауларды қажет етпейді,Шашылған элементтерді жадта сақтау мүмкін емес,Кезекті қатынас әрқашан алгоритмнің асимптотикалық уақыт күрделілігін төмендетеді,Кеңістіктік локализация кэш желілеріне жақын орналасқан элементтерді тиімді қамтамасыз етуге мүмкіндік береді.,pending,pending,pending,pending,pending,,,
master_cs_045,computer_science,easy,no,D,B,"In a relational database table, what does one row normally represent?",A programming language,The complete database schema,A network connection,One record or entity instance,Реляциялық дерекқор кестесінде бір жол әдетте нені білдіреді?,Бағдарламалау тілі,Толық дерекқор схемасы,Желі қосылымы,Бір жазба немесе нысан данасы,pending,pending,pending,pending,pending,,,
master_cs_007,computer_science,medium,no,A,D,"The pseudocode sets `x = 7`, then executes `if x > 5: x = x - 2`. What is x afterward?",5,7,9,2,"Псевдокод `x = 7` орнатады, содан кейін `x > 5: x = x - 2` орындалады. Одан кейін х деген не?",5,7,9,2,pending,pending,pending,pending,pending,,,
master_cs_067,computer_science,easy,no,C,D,What does a file system primarily organize?,Only processor instructions currently executing,Internet routing tables worldwide,Files and directories on storage devices,Running processes and their processor time,Файлдық жүйе негізінен нені ұйымдастырады?,Қазіргі уақытта орындалатын процессор нұсқаулары ғана,бүкіл әлем бойынша Интернетті бағыттау кестелері,Сақтау құрылғыларындағы файлдар мен каталогтар,Іске қосылған процестер және олардың процессор уақыты,pending,pending,pending,pending,pending,,,
master_cs_011,computer_science,easy,no,A,D,Which data type is intended to represent either true or false?,Boolean,String,Floating-point number,Integer restricted to 0 and 1,Қандай деректер түрі шындықты немесе жалғанды ​​көрсетуге арналған?,Логикалық,Жол,Жылжымалы нүкте саны,0 және 1мен шектелген бүтін сан,pending,pending,pending,pending,pending,,,
master_geo_054,geography,easy,no,C,A,"On a map with north at the top, what direction is to the right?",West,South,East,North,Солтүстігі жоғарғы жағында орналасқан картада оң жақта қандай бағыт бар?,Батыс,Оңтүстік,Шығыс,Солтүстік,pending,pending,pending,pending,pending,,,
master_logic_034,logic,easy,no,B,C,The parcel will not ship unless payment is received. The parcel shipped. What follows?,Payment was not received,Payment was received,Payment may be absent because 'unless' makes it optional,The parcel was never prepared,Төлем алынбайынша сәлемдеме жөнелтілмейді. Сәлемдеме жөнелтілді. Бұдан кейін не болады?,Төлем алынбады,Төлем алынды,"Төлем болмауы мүмкін, себебі ""егер"" оны міндетті емес етеді",Сәлемдеме ешқашан дайындалмаған,pending,pending,pending,pending,pending,,,
master_cs_063,computer_science,hard,no,D,B,How many usable host addresses are available in a conventional IPv4 `/26` subnet when network and broadcast addresses are excluded?,26,64,128,62,Кәдімгі IPv4 `/26` ішкі желісінде желі және тарату мекенжайлары қосылмаған кезде қанша пайдалануға болатын хост мекенжайлары қолжетімді?,26,64,128,62,pending,pending,pending,pending,pending,,,
master_logic_068,logic,easy,no,C,B,"Book B is between books A and C, and A is left of B. Which book is in the middle?",A,C,B,The order is impossible,"В кітабы А және С кітаптарының арасында, ал А В кітабынан қалды. Қандай кітап ортасында?",A,C,B,Бұйрық мүмкін емес,pending,pending,pending,pending,pending,,,
master_logic_069,logic,medium,no,C,B,"Meetings P, Q, and R occur on Monday, Tuesday, and Wednesday. P is before Q, and R is on Wednesday. When is Q?",Monday,Wednesday,Tuesday,It cannot be determined,"P, Q және R кездесулері дүйсенбі, сейсенбі және сәрсенбі күндері болады. P - Q алдында, ал R - сәрсенбіде. Q қашан?",дүйсенбі,сәрсенбі,сейсенбі,Оны анықтау мүмкін емес,pending,pending,pending,pending,pending,,,
master_cs_076,computer_science,medium,no,B,A,Why should passwords generally be stored using a salted password-hashing function rather than reversible encryption?,Hashing lets administrators recover every original password,Verification can be performed without storing a directly recoverable password,A salt makes every user choose the same password,Encryption has no mathematical key,Неліктен құпия сөздер әдетте қайтымды шифрлаудың орнына тұздалған құпия сөзді хэштеу функциясы арқылы сақталуы керек?,Хешинг әкімшілерге әрбір түпнұсқа құпия сөзді қалпына келтіруге мүмкіндік береді,Тексеруді тікелей қалпына келтіруге болатын құпия сөзді сақтамай орындауға болады,Тұз әрбір пайдаланушыға бірдей құпия сөзді таңдауға мәжбүр етеді,Шифрлауда математикалық кілт жоқ,pending,pending,pending,pending,pending,,,
master_cs_020,computer_science,medium,no,A,B,"In an unweighted graph, which traversal finds a path with the fewest edges from a starting vertex?",Breadth-first search,Depth-first search,Inorder traversal,Selection sort,Өлшемсіз графикте қай өткел бастапқы шыңнан ең аз шеттері бар жолды табады?,Кеңінен бірінші іздеу,Тереңдігінен бірінші іздеу,Тәртіп бойынша өту,Таңдау сұрыптау,pending,pending,pending,pending,pending,,,
master_logic_026,logic,easy,no,A,C,All emerald tokens are green. No blue token is green. What must follow?,No emerald token is blue,Every green token is emerald,Some emerald tokens are blue,Every non-blue token is emerald,Барлық изумруд белгілері жасыл. Ешбір көк белгі жасыл емес. Нені ұстану керек?,Ешбір изумруд белгісі көк емес,Әрбір жасыл жетон изумруд,Кейбір изумруд таңбалауышы көк,Әрбір көк емес белгі изумруд,pending,pending,pending,pending,pending,,,
master_science_068,science,medium,no,C,A,Why does the Moon show phases as viewed from Earth?,Earth's shadow covers different parts of the Moon every week,The Moon produces different amounts of light,We see changing portions of the Moon's sunlit half as it orbits Earth,Clouds permanently cover parts of the Moon,Неліктен Ай Жерден қарағанда фазаларды көрсетеді?,Жердің көлеңкесі апта сайын Айдың әртүрлі бөліктерін жауып тұрады,Ай әртүрлі мөлшерде жарық шығарады,Жерді айналып өткенде Айдың күн сәулесінің жарты бөлігінің өзгеретінін көреміз,Бұлттар Айдың бөліктерін біржола жауып тұрады,pending,pending,pending,pending,pending,,,
master_logic_042,logic,medium,no,C,D,"Let A = {a, b} and B = {b, c}. What is A union B?",{b},"{a, c}","{a, b, c}","{a, b, b, c}","A = {a, b} және B = {b, c} болсын. B одағы дегеніміз не?",{b},"{a, c}","{a, b, c}","{a, b, b, c}",pending,pending,pending,pending,pending,,,
master_cs_039,computer_science,easy,no,D,A,Which device is intended for nonvolatile long-term data storage?,CPU register,Processor cache,RAM,Solid-state drive,Қандай құрылғы тұрақты деректерді ұзақ мерзімді сақтауға арналған?,CPU регистрі,Процессор кэші,ЖЖҚ,Қатты күйдегі диск,pending,pending,pending,pending,pending,,,
master_geo_079,geography,easy,no,D,A,What is mechanical weathering?,Movement of sediment by a river,Transformation of rock minerals by chemical reactions only,Deposition of lava,Physical breakup of rock without changing its chemical composition,Механикалық әсер ету дегеніміз не?,Тұнбаның өзен арқылы жылжуы,Тау жыныстарының минералдарының тек химиялық реакциялар арқылы өзгеруі,лаваның шөгуі,Химиялық құрамын өзгертпей тау жыныстарының физикалық ыдырауы,pending,pending,pending,pending,pending,,,
master_science_070,science,hard,no,B,A,"A star appears equally bright as another star but is known to be twice as far from Earth. Compared with the nearer star, what must be true of its luminosity?",It is half as luminous,It is four times as luminous,It has the same luminosity,It is twice as luminous,"Жұлдыз басқа жұлдыз сияқты жарқырап көрінеді, бірақ Жерден екі есе алыс екені белгілі. Жақынырақ жұлдызмен салыстырғанда оның жарқырауы қандай болуы керек?",Жартылай жарығы бар,Төрт есе жарық,Жарық күші бірдей,Екі есе жарық.,pending,pending,pending,pending,pending,,,
master_science_078,science,easy,no,A,B,Why do scientists repeat measurements in an experiment?,To reduce the influence of random error,To guarantee the hypothesis is correct,To change the independent variable secretly,To remove the need for units,Неліктен ғалымдар экспериментте өлшеулерді қайталайды?,Кездейсоқ қатенің әсерін азайту үшін,Гипотезаның дұрыстығына кепілдік беру үшін,Тәуелсіз айнымалыны жасырын өзгерту үшін,Бірліктер қажеттілігін жою үшін,pending,pending,pending,pending,pending,,,
master_geo_019,geography,medium,no,A,B,The Iberian Peninsula is primarily occupied by which two countries?,Spain and Portugal,Italy and Greece,France and Belgium,Norway and Sweden,Пиреней түбегін негізінен қай екі мемлекет алып жатыр?,Испания және Португалия,Италия және Греция,Франция және Бельгия,Норвегия және Швеция,pending,pending,pending,pending,pending,,,
master_geo_023,geography,medium,no,A,B,The Mississippi River reaches the sea through which body of water?,Gulf of Mexico,Gulf of California,Chesapeake Bay,Hudson Bay,Миссисипи өзені теңізге қай су айдыны арқылы жетеді?,Мексика шығанағы,Калифорния шығанағы,Чесапик шығанағы,Хадсон шығанағы,pending,pending,pending,pending,pending,,,
master_geo_044,geography,easy,no,A,D,"Which climate typically has hot, dry summers and mild, wetter winters?",Mediterranean climate,Polar ice-cap climate,Equatorial rainforest climate,Tropical monsoon climate,"Қай климаттың әдетте жазы ыстық, құрғақ және қысы жұмсақ, ылғалды болады?",Жерорта теңізінің климаты,Полярлық мұздық климат,Экваторлық тропикалық орман климаты,Тропикалық муссондық климат,pending,pending,pending,pending,pending,,,
master_science_002,science,medium,no,B,C,"During mitosis, what is the primary result of one parent cell dividing?",Four genetically varied cells,Two genetically similar daughter cells,One cell with twice the normal chromosome number,Two cells with half the parent's chromosome number,Митоз кезінде бір ата-аналық жасушаның бөлінуінің негізгі нәтижесі қандай?,Генетикалық әртүрлі төрт жасуша,Генетикалық жағынан ұқсас екі аналық жасуша,Қалыпты хромосома саны екі есе көп бір жасуша,Ата-анасының хромосома саны жартысы бар екі жасуша,pending,pending,pending,pending,pending,,,
master_logic_066,logic,hard,no,A,B,"Four runners J, K, L, and M finish with no ties. J is before K, L is after K, and M is before J. Which order is required?","M, J, K, L","J, M, K, L","M, K, J, L","M, J, L, K","J, K, L және M төрт жүйріктері байлаусыз мәреге жетті. J - K алдында, L - K кейін, M - J алдында. Қандай реттілік қажет?","M, J, K, L","J, M, K, L","M, K, J, L","M, J, L, K",pending,pending,pending,pending,pending,,,
master_cs_017,computer_science,easy,no,C,A,"After values 4, 7, and 9 are pushed onto an empty stack in that order, which value is popped first?",4,7,9,All three simultaneously,"4, 7 және 9 мәндері сол ретпен бос стекке итерілгеннен кейін қай мән бірінші шығады?",4,7,9,Үшеуі де бір уақытта,pending,pending,pending,pending,pending,,,
master_science_044,science,medium,no,C,D,Why can a person hear an echo in a large empty hall?,Sound changes into light at the wall,The source produces a second sound automatically,Sound waves reflect from distant surfaces,Sound travels through a vacuum and returns,Неліктен адам үлкен бос залда жаңғырықты ести алады?,Дыбыс қабырғадағы жарыққа айналады,Дыбыс көзі автоматты түрде екінші дыбыс шығарады,Дыбыс толқындары алыс беттерден шағылады,Дыбыс вакуум арқылы таралады және қайта оралады.,pending,pending,pending,pending,pending,,,
master_logic_051,logic,easy,no,A,C,"The pattern alternates circle, square, circle, square. Which shape comes next?",Circle,Rectangle,Triangle,Pentagon,"Үлгі шеңбер, шаршы, шеңбер, шаршы кезектесіп отырады. Келесі қай пішін келеді?",Шеңбер,Тіктөртбұрыш,Үшбұрыш,Бесбұрыш,pending,pending,pending,pending,pending,,,
master_cs_004,computer_science,medium,no,A,D,Which condition is most likely to make a `while` loop run forever unintentionally?,The loop condition never becomes false,The loop body contains an assignment,The program uses a function,The loop condition is checked before each iteration,Қай шарт 'while' циклін байқаусызда мәңгілікке қосуы мүмкін?,Цикл шарты ешқашан жалған болмайды,Цикл денесінде тапсырма бар,Бағдарлама функцияны пайдаланады,Цикл шарты әрбір итерация алдында тексеріледі,pending,pending,pending,pending,pending,,,
master_cs_057,computer_science,easy,no,D,C,Which device forwards packets between different IP networks?,Keyboard,Printer,Ethernet cable,Router,Қандай құрылғы әртүрлі IP желілері арасында пакеттерді қайта жібереді?,Пернетақта,Принтер,Ethernet кабелі,Маршрутизатор,pending,pending,pending,pending,pending,,,
master_geo_063,geography,medium,no,C,D,"A district has 24,000 residents and an area of 80 square kilometers. What is its population density?",30 people per square kilometer,192 people per square kilometer,300 people per square kilometer,"1,920 people per square kilometer",Ауданның 24 000 тұрғыны бар және ауданы 80 шаршы шақырым. Оның халық тығыздығы қандай?,шаршы километрге 30 адам,шаршы километрге 192 адам,шаршы километрге 300 адам,шаршы километрге 1920 адам,pending,pending,pending,pending,pending,,,
master_logic_050,logic,easy,no,D,C,"All members of set A are in set B, and some members of B are not in A. Which relation holds?",A and B are equal,A and B are disjoint,B is a subset of A,A is a proper subset of B,"А жиынының барлық мүшелері В жиынында, ал В жиынының кейбір мүшелері А жиынында емес. Қандай қатынас орындалады?",A және B тең,A және B ажыратылған,B - A жиыны,A - B тиісті ішкі жиыны,pending,pending,pending,pending,pending,,,
master_cs_070,computer_science,easy,no,D,B,What happens during a context switch?,A source file is converted into a database,The processor changes privilege mode but necessarily keeps the same task,A disk is physically replaced,Execution state is saved and restored so another task can run,Мәтінмәндік ауысу кезінде не болады?,Бастапқы файл дерекқорға түрлендірілді,"Процессор артықшылық режимін өзгертеді, бірақ міндетті түрде бірдей тапсырманы сақтайды",Диск физикалық түрде ауыстырылды,Басқа тапсырма орындалу үшін орындалу күйі сақталады және қалпына келтірілді,pending,pending,pending,pending,pending,,,
master_geo_047,geography,medium,no,A,D,Which vegetation pattern is typical of a tropical savanna?,Grasses with scattered trees and seasonal rainfall,Only mosses over permafrost,Sparse plants under year-round extreme aridity,Dense evergreen forest with no dry season,Тропиктік саваннаға қандай өсімдік үлгісі тән?,Ағаштары шашыраңқы және маусымдық жауын-шашынды шөптер,Мәңгілік тоң үстіндегі мүктер ғана,Жыл бойына өте құрғақшылықта сирек өсімдіктер,Құрғақ маусымы жоқ тығыз мәңгі жасыл орман,pending,pending,pending,pending,pending,,,
master_geo_060,geography,hard,no,C,B,A river's gradient decreases sharply as it leaves mountains and enters a plain. What is the most likely immediate result?,Its water begins flowing uphill,Its sediment-carrying capacity increases without limit,Flow slows and more sediment is deposited,The river becomes a glacier,"Таулардан шығып, жазыққа кірген сайын өзеннің градиенті күрт төмендейді. Ең ықтимал дереу нәтиже қандай?",Суы ​​жоғары қарай аға бастайды,Оның шөгінді өткізу қабілеті шексіз артады,Ағыс баяулайды және шөгінділер көбірек түседі,Өзен мұздыққа айналады,pending,pending,pending,pending,pending,,,
master_science_019,science,easy,no,B,C,Which state of matter has neither a fixed shape nor a fixed volume?,Solid,Gas,Liquid,Crystal,"Заттың қандай күйінің тұрақты пішіні де, көлемі де жоқ?",Қатты,Газ,Сұйық,Кристалл,pending,pending,pending,pending,pending,,,
master_science_012,science,easy,no,C,B,Which type of organism breaks down dead material and recycles nutrients in an ecosystem?,Producer,Herbivore,Decomposer,Pollinator,"Ағзаның қай түрі өлі заттарды ыдыратып, экожүйедегі қоректік заттарды қайта өңдейді?",Өндіруші,Шөпқоректі,Шыдырғыш,Тозаңдандырғыш,pending,pending,pending,pending,pending,,,
master_science_017,science,medium,no,C,B,Which observation provides the strongest evidence that a chemical reaction has formed a new substance?,Ice changes shape while melting,Sugar becomes less visible when dissolved,A solid precipitate forms when two clear solutions are mixed,A metal rod is cut into two pieces,Қай бақылау химиялық реакция нәтижесінде жаңа зат пайда болғанының ең күшті дәлелі болып табылады?,Мұз балқыған кезде пішінін өзгертеді,Қант еріген кезде көрінбейтін болады,Екі мөлдір ерітіндіні араластырғанда қатты тұнба пайда болады,Металл өзекше екі бөлікке кесілген,pending,pending,pending,pending,pending,,,
master_geo_011,geography,hard,no,D,A,Which pair consists of two national capitals in East Asia?,Seoul and Bangkok,Busan and Beijing,Shanghai and Hanoi,Seoul and Beijing,Қандай жұп Шығыс Азиядағы екі ұлттық астанадан тұрады?,Сеул және Бангкок,Пусан және Пекин,Шанхай және Ханой,Сеул және Бейжің,pending,pending,pending,pending,pending,,,
master_math_080,mathematics,medium,no,D,C,How many different pairs can be selected from 5 people?,5,25,20,10,5 адамнан неше түрлі жұп таңдауға болады?,5,25,20,10,pending,pending,pending,pending,pending,,,
master_geo_018,geography,easy,no,C,D,Which continent contains both Brazil and Argentina?,North America,Africa,South America,Central America,"Қай құрлықта Бразилия да, Аргентина да бар?",Солтүстік Америка,Африка,Оңтүстік Америка,Орталық Америка,pending,pending,pending,pending,pending,,,
master_geo_056,geography,easy,no,B,D,A map scale states that 1 centimeter represents 5 kilometers. What real distance does 3 centimeters represent?,8 kilometers,15 kilometers,2 kilometers,5 kilometers,Карта масштабында 1 сантиметр 5 километрді білдіретіні көрсетілген. 3 сантиметр қандай нақты қашықтықты көрсетеді?,8 километр,15 километр,2 километр,5 километр,pending,pending,pending,pending,pending,,,
master_math_064,mathematics,easy,no,B,A,"What is the mode of the data set 2, 3, 3, 5, 7?",4,3,2,7,"2, 3, 3, 5, 7 деректер жиынының режимі қандай?",4,3,2,7,pending,pending,pending,pending,pending,,,
master_science_014,science,easy,no,B,D,What is the primary role of chlorophyll in plants?,Transport sugars through roots,Absorb light energy,Release oxygen from soil,Absorb water and minerals from soil,Өсімдіктердегі хлорофиллдің негізгі рөлі қандай?,Қантты тамыр арқылы тасымалдайды,Жарық энергиясын сіңіреді,Топырақтан оттегін бөледі,Топырақтан су мен минералдарды сіңіреді,pending,pending,pending,pending,pending,,,
master_math_003,mathematics,medium,no,C,D,"The arithmetic sequence 5, 9, 13, 17 continues with the same difference. What is its eighth term?",29,31,33,37,"5, 9, 13, 17 арифметикалық тізбек бірдей айырмашылықпен жалғасады. Оның сегізінші мүшесі қандай?",29,31,33,37,pending,pending,pending,pending,pending,,,
master_logic_058,logic,hard,no,A,B,"The pattern 1, 4, 2, 8, 3, 12, 4 interleaves counting numbers with their multiples of four. What comes next?",16,20,5,8,"1, 4, 2, 8, 3, 12, 4 өрнегі санау сандарын төртке көбейткіштермен қатар қояды. Әрі қарай не келеді?",16,20,5,8,pending,pending,pending,pending,pending,,,
master_math_032,mathematics,easy,no,C,A,Which of these numbers is prime?,21,27,29,39,Мына сандардың қайсысы жай сандар?,21,27,29,39,pending,pending,pending,pending,pending,,,
master_math_068,mathematics,easy,no,B,D,What is the probability of an impossible event?,1/2,0,1/4,1,Мүмкін емес оқиғаның ықтималдығы қандай?,1/2,0,1/4,1,pending,pending,pending,pending,pending,,,
master_math_071,mathematics,easy,no,C,B,How many possible outcomes are there when one standard six-sided die is rolled?,4,12,6,36,Бір стандартты алты жақты матрицаны айналдырғанда қанша нәтиже болуы мүмкін?,4,12,6,36,pending,pending,pending,pending,pending,,,
master_math_044,mathematics,easy,no,D,B,What is the volume of a cube with side length 3 units?,6 cubic units,9 cubic units,18 cubic units,27 cubic units,Қабырғасының ұзындығы 3 бірлік болатын кубтың көлемі неге тең?,6 текше бірлік,9 текше бірлік,18 текше бірлік,27 текше бірлік,pending,pending,pending,pending,pending,,,
master_geo_073,geography,easy,no,A,C,Which process wears away and removes rock or soil from one location?,Erosion,Condensation,Deposition,Urbanization,"Қандай процесс тозып, тасты немесе топырақты бір жерден алып тастайды?",Эрозия,Конденсация,Шөгу,Урбанизация,pending,pending,pending,pending,pending,,,
master_math_042,mathematics,easy,no,A,D,How many vertices does a pentagon have?,5,4,8,6,Бесбұрыштың неше төбесі бар?,5,4,8,6,pending,pending,pending,pending,pending,,,
master_geo_035,geography,easy,no,D,C,What landform is created where a river deposits sediment as it enters a standing body of water?,Canyon,Plateau,Alluvial fan,Delta,Өзеннің тұрақты су қоймасына түсуі кезінде шөгінділер жиналатын жер бедері қандай формада жасалады?,Каньон,Үстірт,Аллювийлік желдеткіш,Дельта,pending,pending,pending,pending,pending,,,
master_cs_035,computer_science,medium,no,A,D,What is the main purpose of adding a parity bit to a short binary message?,To detect certain bit errors during transmission or storage,To double the message's storage capacity,To encrypt the message against unauthorized readers,To correct every possible bit error automatically,Қысқа екілік хабарламаға паритеттік бит қосудың негізгі мақсаты қандай?,Тасымалдау немесе сақтау кезінде белгілі бір бит қателерін анықтау үшін,Хабардың сақтау сыйымдылығын екі есе арттыру үшін,Хабарды рұқсат етілмеген оқырмандарға қарсы шифрлау үшін,Әрбір ықтимал бит қатесін автоматты түрде түзету үшін,pending,pending,pending,pending,pending,,,
master_logic_053,logic,medium,no,C,A,"In the sequence 1, 1, 2, 3, 5, ... each term after the first two is their sum. What comes next?",6,7,8,10,"1, 1, 2, 3, 5, ... қатардағы алғашқы екеуінен кейінгі әрбір мүше олардың қосындысы болып табылады. Әрі қарай не келеді?",6,7,8,10,pending,pending,pending,pending,pending,,,
master_logic_064,logic,easy,no,B,D,"Leo stands ahead of Maya, and Maya stands ahead of Noor. Who is first among the three?",Maya,Leo,Noor,No one can be first,"Лео Майядан, ал Майя Нұрдан алда. Үшеуінің ішінде кім бірінші?",Майя,Лео,Нур,Ешкім бірінші бола алмайды,pending,pending,pending,pending,pending,,,
master_science_011,science,easy,no,A,D,What do kidneys primarily remove from the blood to form urine?,Metabolic wastes and excess water,All red blood cells,All glucose after every meal,Carbon dioxide produced by breathing,Несеп түзу үшін бүйрек қаннан ең алдымен нені алып тастайды?,Зат алмасу қалдықтары және артық су,Барлық эритроциттер,Әр тамақтан кейін барлық глюкоза,Тыныс алу арқылы түзілетін көмірқышқыл газы,pending,pending,pending,pending,pending,,,
master_math_069,mathematics,easy,no,C,A,"In the data set 2, 4, 6, 8, how many values are greater than 5?",3,1,2,4,"2, 4, 6, 8 деректер жиынында 5-тен қанша мән үлкен?",3,1,2,4,pending,pending,pending,pending,pending,,,
master_logic_005,logic,medium,no,C,D,What does the biconditional 'P if and only if Q' assert?,P is true regardless of Q,At least one of P and Q is false,P and Q have the same truth value,P and Q cannot both be true,"Екі шартты ""P, егер Q болса ғана"" нені бекітеді?",P Q қарамастан ақиқат,P және Q кем дегенде біреуі жалған,P және Q бірдей ақиқат мәні бар,P және Q екеуі де ақиқат бола алмайды.,pending,pending,pending,pending,pending,,,
master_math_014,mathematics,medium,no,A,C,What simple interest is earned by $600 at 5% per year for 3 years?,$90,$60,$30,$120,3 жыл бойы жылына 5%-бен 600 доллардан қандай қарапайым пайыз алынады?,$90,$60,$30,$120,pending,pending,pending,pending,pending,,,
master_logic_017,logic,medium,no,C,B,All atlases are reference books. All reference books are publications. What must follow?,Some atlases are not publications,All publications are atlases,All atlases are publications,No atlas is a publication,Барлық атластар анықтамалық болып табылады. Барлық анықтамалықтар басылымдар болып табылады. Нені ұстану керек?,Кейбір атластар басылым емес,Барлық жарияланымдар атластар,Барлық атластар басылымдар,Атлас жоқ басылым,pending,pending,pending,pending,pending,,,
master_cs_056,computer_science,medium,no,C,D,What security property does HTTPS add to ordinary HTTP through TLS?,A guarantee that every website is truthful,Permanent storage of every request,Encryption and authentication of the connection,Encryption of all data stored permanently on the server,HTTPS TLS арқылы қарапайым HTTP-ге қандай қауіпсіздік қасиетін қосады?,Әрбір веб-сайттың шынайы екендігіне кепілдік,Әрбір сұрауды тұрақты сақтау,Қосылымды шифрлау және аутентификациялау,Серверде тұрақты сақталған барлық деректерді шифрлау,pending,pending,pending,pending,pending,,,
master_geo_003,geography,easy,no,A,C,Which city is the capital of Germany?,Berlin,Munich,Frankfurt,Hamburg,Германияның астанасы қай қала?,Берлин,Мюнхен,Франкфурт,Гамбург,pending,pending,pending,pending,pending,,,
master_geo_075,geography,medium,no,C,B,What is an aquifer?,A cloud that produces hail,A large underground lake in an open cavern,A permeable underground layer that stores and transmits groundwater,A line separating time zones,Су тұтқышы дегеніміз не?,Бұршақ жауатын бұлт,Ашық үңгірдегі үлкен жер асты көлі,Жер асты суларын сақтайтын және өткізетін өткізгіш жер асты қабаты,Уақыт белдеулерін бөлетін сызық,pending,pending,pending,pending,pending,,,
master_math_038,mathematics,medium,no,A,B,An item costs $50 before an 8% sales tax. What is the total price after tax?,$54,$4,$50.08,$58,Элемент 8% сату салығына дейін $50 тұрады. Салықтан кейінгі жалпы баға қанша?,$54,$4,"$50,08",$58,pending,pending,pending,pending,pending,,,
master_logic_001,logic,easy,no,D,B,What is the logical negation of 'Both lamps are on'?,Both lamps are off,Exactly one lamp is off,At least one lamp is on,At least one lamp is not on,"""Екі шам да қосулы"" логикалық терістеуі қандай?",Екі шам да өшірулі,Дәл бір шам өшірулі,Кем дегенде бір шам жанып тұр,Кем дегенде бір шам жанбаған,pending,pending,pending,pending,pending,,,
master_science_054,science,easy,no,C,B,Which type of rock forms when molten rock cools and solidifies?,Sedimentary,Metamorphic,Igneous,Fossilized,Балқытылған тау жыныстары салқындаған кезде және қатқанда жыныстың қай түрі пайда болады?,Шөгінді,Метаморфтық,Магмалық,Қазбаланған,pending,pending,pending,pending,pending,,,
master_cs_060,computer_science,medium,no,C,D,What is the role of an IP address in packet delivery?,It specifies the programming language used by the sender,It proves the packet contains no malware,It identifies network-layer source and destination interfaces for routing,It guarantees that packets arrive in order,IP мекенжайының пакетті жеткізудегі рөлі қандай?,Жіберуші пайдаланатын бағдарламалау тілін анықтайды,Бұл пакетте зиянды бағдарлама жоқ екенін дәлелдейді,Маршруттау үшін желі деңгейінің көзі мен тағайындалған интерфейстерін анықтайды,Пакеттердің ретімен келетініне кепілдік береді,pending,pending,pending,pending,pending,,,
master_science_023,science,medium,no,D,B,Why does increasing temperature usually speed up a chemical reaction?,It changes every reactant into a catalyst,It prevents particles from colliding,It removes all activation-energy requirements,Particles collide more often and with greater energy,Неліктен температураның жоғарылауы әдетте химиялық реакцияны тездетеді?,Әрбір реактивті катализаторға өзгертеді,Бөлшектердің соқтығысуына жол бермейді,Барлық белсендіру-энергетикалық талаптарды жояды,Бөлшектер жиі соқтығысады және үлкен энергиямен,pending,pending,pending,pending,pending,,,
master_science_073,science,medium,no,A,C,What powers the Sun over most of its lifetime?,Fusion of hydrogen nuclei into helium,Burning oxygen in a chemical fire,Fission of heavy metals at its surface,Friction with planets,Күннің өмірінің көп бөлігінде не қуат береді?,Сутегі ядроларының гелийге қосылуы,Химиялық өртте оттегінің жануы,Оның бетіндегі ауыр металдардың бөлінуі,Планеталармен үйкеліс,pending,pending,pending,pending,pending,,,
master_science_042,science,easy,no,C,A,Which material is generally a good conductor of electricity?,Rubber,Glass,Copper,Dry wood,Қандай материал әдетте электр тогын жақсы өткізеді?,Резеңке,Шыны,Мыс,Құрғақ ағаш,pending,pending,pending,pending,pending,,,
master_geo_046,geography,hard,no,B,A,"Two places lie at the same latitude, but one is 2,000 meters higher. Other factors being similar, which temperature pattern is most likely?",The higher place is warmer because it is closer to the Sun,The higher place is cooler because air temperature generally decreases with elevation,Both must have exactly the same temperature,The lower place is always below freezing,"Екі жер бір ендікте жатыр, бірақ біреуі 2000 метр биіктікте. Басқа факторлар ұқсас, қай температура үлгісі ең ықтимал?",Күнге жақынырақ жоғары жер жылырақ,"Биік жер салқынырақ, өйткені ауа температурасы әдетте биіктікке көтерілген сайын төмендейді",Екеуінің де температурасы бірдей болуы керек,Төменгі жер әрқашан мұздан төмен.,pending,pending,pending,pending,pending,,,
master_science_055,science,medium,no,C,A,What is the main difference between weather and climate?,"Weather occurs only in winter, while climate occurs in summer","Weather describes oceans, while climate describes land",Weather is short-term atmospheric conditions; climate is a long-term pattern,"Weather is measured, while climate cannot be measured",Ауа райы мен климаттың негізгі айырмашылығы неде?,"Ауа райы тек қыста болады, ал климат жазда болады","Ауа райы мұхиттарды, ал климат құрлықты сипаттайды",Ауа райы қысқа мерзімді атмосфералық жағдайлар; климат — ұзақ мерзімді үлгі,"Ауа райы өлшенеді, ал климатты өлшеу мүмкін емес",pending,pending,pending,pending,pending,,,
master_science_038,science,medium,no,A,D,A 10-newton force moves a box 3 meters in the force's direction. How much work does the force do?,30 joules,13 joules,7 joules,3.3 joules,10 Ньютондық күш қорапты күш бағытымен 3 метрге жылжытады. Күш қанша жұмыс істейді?,30 Джоуль,13 Джоуль,7 Джоуль,"3,3 Джоуль",pending,pending,pending,pending,pending,,,
master_logic_011,logic,medium,no,D,B,Which expression is logically equivalent to 'P implies Q'?,P and Q,P or not Q,not P and Q,not P or Q,"Қандай өрнек логикалық тұрғыдан ""P Q білдіреді"" дегенге тең?",P және Q,P немесе емес Q,емес P және Q,емес P немесе Q,pending,pending,pending,pending,pending,,,
master_math_070,mathematics,hard,no,A,C,A course grade consists of a score of 80 weighted at 40% and a score of 90 weighted at 60%. What is the weighted average?,86,84,85,90,Курс бағасы 40% өлшенген 80 баллдан және 60% өлшенген 90 баллдан тұрады. Орташа өлшенген қандай?,86,84,85,90,pending,pending,pending,pending,pending,,,
master_math_066,mathematics,easy,no,B,A,"What is the median of the data set 1, 4, 6, 8?",6,5,4,4.75,"1, 4, 6, 8 деректер жиынының медианасы неге тең?",6,5,4,"4,75",pending,pending,pending,pending,pending,,,
master_logic_040,logic,easy,no,C,D,"If a card is a queen, then it is a face card. This card is not a face card. What follows?",It is a queen,It is an ace,It is not a queen,It could still be a queen,"Егер карта патшайым болса, онда ол бет картасы. Бұл карта бет картасы емес. Бұдан кейін не болады?",Бұл патшайым,Бұл Эйс,Бұл патшайым емес,Бұл әлі де ханшайым болуы мүмкін,pending,pending,pending,pending,pending,,,
master_math_016,mathematics,medium,no,D,C,"If x + y = 11 and x - y = 3, what is x?",8,11,4,7,"Егер x + y = 11 және x - y = 3 болса, х неге тең?",8,11,4,7,pending,pending,pending,pending,pending,,,
master_logic_032,logic,medium,no,D,B,A valid keycard is necessary for entering the lab. Mira entered the lab. What must follow?,Mira owns the laboratory,Everyone with a keycard entered the lab,Mira entered without authorization,Mira had a valid keycard,Зертханаға кіру үшін жарамды кілт картасы қажет. Мира зертханаға кірді. Нені ұстану керек?,Мира зертханаға ие,Кілт картасы бар барлығы зертханаға кірді,Мира рұқсатсыз кірді,Мирада жарамды кілт картасы болды,pending,pending,pending,pending,pending,,,
master_cs_058,computer_science,easy,no,B,C,"In TCP/IP networking, what does a port number help identify on a host?",The physical color of a cable,A particular application endpoint or service,A physical connector where a network cable is plugged in,A file's compression ratio,TCP/IP желісінде порт нөмірі хостта нені анықтауға көмектеседі?,Кабельдің физикалық түсі,Арнайы қолданбаның соңғы нүктесі немесе қызметі,Желілік кабель жалғанған физикалық қосқыш,Файлдың қысу коэффициенті,pending,pending,pending,pending,pending,,,
master_logic_046,logic,easy,no,B,A,Which statement describes the empty set?,It contains the number zero,It contains no elements,It contains every possible element,It is not a set,Қандай мәлімдеме бос жиынды сипаттайды?,Онда нөл саны бар,Ол элементтерді қамтымайды,Ол барлық мүмкін элементтерді қамтиды,Бұл жиын емес,pending,pending,pending,pending,pending,,,
master_cs_025,computer_science,medium,no,A,C,Which queue operation removes and returns the element that has waited longest in a standard queue?,Dequeue,Push,Pop from the newest end,Peek without removal,Қандай кезек операциясы стандартты кезекте ең ұзақ күткен элементті жояды және қайтарады?,Кезектен шығару,Басу,Ең жаңа ұшынан шығару,Жоюсыз қарау,pending,pending,pending,pending,pending,,,
master_science_010,science,medium,no,C,D,Why can antibiotics treat many bacterial infections but not influenza?,Influenza occurs only outside cells,Bacteria and influenza viruses have identical structures,"Influenza is caused by a virus, which lacks the bacterial targets of antibiotics",Influenza is caused by bacteria that resist every antibiotic,"Неліктен антибиотиктер көптеген бактериялық инфекцияларды емдей алады, бірақ тұмауды емдей алмайды?",Тұмау тек жасушалардан тыс жерде кездеседі,Бактериялар мен тұмау вирустары бірдей құрылымдарға ие,Тұмауды антибиотиктердің бактериялық мақсаттары жоқ вирус тудырады,Тұмауды кез келген антибиотикке қарсы тұратын бактериялар тудырады.,pending,pending,pending,pending,pending,,,
master_geo_049,geography,easy,no,D,B,Which line divides Earth into the Northern and Southern Hemispheres?,Prime Meridian,Tropic of Capricorn,International Date Line,Equator,Жерді Солтүстік және Оңтүстік жарты шарларға қай сызық бөледі?,Бас меридиан,Козерог тропигі,Халықаралық күн сызығы,Экватор,pending,pending,pending,pending,pending,,,
master_logic_071,logic,easy,no,D,A,"A speaker rejects Dana's budget argument by saying, 'Dana is lazy, so her figures cannot be right.' Which fallacy is this?",Appeal to popularity,False dilemma,Circular reasoning,Ad hominem,"Спикер: ""Дана жалқау, сондықтан оның сандары дұрыс болуы мүмкін емес"" деп Дананың бюджеттік дәлелін жоққа шығарады. Бұл қай қателік?",Танымалдыққа шағымдану,Жалған дилемма,Айналмалы пайымдау,Ad hominem,pending,pending,pending,pending,pending,,,
master_logic_009,logic,easy,no,D,A,How is the proposition 'S or not S' classified in classical logic?,Contradiction,Invalid argument,Contingent proposition,Tautology,"Классикалық логикада ""S немесе S емес"" ұсынысы қалай жіктеледі?",Қарама-қайшылық,Жарамсыз аргумент,Шартты ұсыныс,Тавтология,pending,pending,pending,pending,pending,,,
master_math_056,mathematics,medium,no,C,D,"What is the volume of a cylinder with radius 3 units and height 5 units, expressed in terms of pi?",15 pi cubic units,75 pi cubic units,45 pi cubic units,30 pi cubic units,"Радиусы 3 бірлік, биіктігі 5 бірлік цилиндрдің көлемі қандай, пи арқылы өрнектеледі?",15 пи текше бірлік,75 пи текше бірлік,45 пи текше бірлік,30 пи текше бірлік,pending,pending,pending,pending,pending,,,
master_math_074,mathematics,easy,no,A,B,What is the value of 2a + 3 when a = 4?,11,14,8,5,a = 4 болғанда 2a + 3 мәні неге тең?,11,14,8,5,pending,pending,pending,pending,pending,,,
master_science_069,science,medium,no,C,D,Why do astronauts in an orbiting spacecraft appear weightless?,Their mass becomes zero in space,Air pressure exactly cancels gravity,They and the spacecraft are falling around Earth together,There is no gravity at orbital altitude,Неліктен орбитадағы ғарыш кемесіндегі ғарышкерлер салмақсыз болып көрінеді?,Кеңістікте олардың массасы нөлге айналады,Ауа қысымы ауырлық күшін дәл жояды,Олар және ғарыш кемесі бірге Жерді айналып жатыр,Орбиталық биіктікте ауырлық жоқ.,pending,pending,pending,pending,pending,,,
master_geo_009,geography,easy,no,B,A,Which country has Bangkok as its capital?,Vietnam,Thailand,Cambodia,Malaysia,Бангкок қай елдің астанасы болып табылады?,Вьетнам,Тайланд,Камбоджа,Малайзия,pending,pending,pending,pending,pending,,,
master_logic_070,logic,medium,no,A,B,"A committee must include exactly two of Lina, Mo, Nia, and Oren. If Lina is selected, Mo must also be selected. Which pair is not allowed?",Lina and Nia,Lina and Mo,Mo and Nia,Nia and Oren,"Комитет құрамында Лина, Мо, Ниа және Ореннің екеуі болуы керек. Лина таңдалса, Mo да таңдалуы керек. Қай жұпқа рұқсат етілмейді?",Лина мен Ниа,Лина мен Мо,Мо және Ниа,Ниа және Орен,pending,pending,pending,pending,pending,,,
master_math_053,mathematics,easy,no,D,C,A circle has a diameter of 18 centimeters. What is its radius?,4.5 centimeters,36 centimeters,18 centimeters,9 centimeters,Шеңбердің диаметрі 18 сантиметр. Оның радиусы қандай?,"4,5 сантиметр",36 сантиметр,18 сантиметр,9 сантиметр,pending,pending,pending,pending,pending,,,
master_cs_001,computer_science,medium,no,D,B,What is the purpose of a return statement inside a function?,To rename the function,To pause the function so it later resumes at the next statement,To declare every variable global,To end the function and optionally send a value to its caller,Функция ішіндегі қайтару операторының мақсаты қандай?,Функцияның атын өзгерту үшін,Функцияны кейінірек келесі мәлімдемеде жалғастыру үшін кідірту үшін,Әрбір айнымалыны жаһандық деп жариялау үшін,Функцияны аяқтау және оның шақырушысына қосымша мән жіберу үшін,pending,pending,pending,pending,pending,,,
master_math_051,mathematics,hard,no,C,A,Each exterior angle of a regular polygon measures 24 degrees. How many sides does the polygon have?,14,12,15,24,Дұрыс көпбұрыштың әрбір сыртқы бұрышы 24 градусқа тең. Көпбұрыштың неше қабырғасы бар?,14,12,15,24,pending,pending,pending,pending,pending,,,
master_math_008,mathematics,hard,no,A,D,"If f(x) = x squared minus 1 and g(x) = 2x + 1, what is f(g(2))?",24,15,26,7,"Егер f(x) = x квадраты минус 1 және g(x) = 2x + 1 болса, f(g(2)) дегеніміз не?",24,15,26,7,pending,pending,pending,pending,pending,,,
master_geo_034,geography,medium,no,A,D,Which inland body of water lies between Europe and Asia and is commonly called the world's largest lake by area?,Caspian Sea,Lake Superior,Lake Victoria,Aral Sea,Қандай ішкі су қоймасы Еуропа мен Азияның арасында жатыр және әдетте ауданы бойынша әлемдегі ең үлкен көл деп аталады?,Каспий теңізі,Жоғарғы көл,Виктория көлі,Арал теңізі,pending,pending,pending,pending,pending,,,
master_math_076,mathematics,medium,no,C,D,"For the line y = 3x - 2, what is y when x = 5?",10,15,13,17,y = 3x - 2 сызығы үшін x = 5 болғанда у неге тең?,10,15,13,17,pending,pending,pending,pending,pending,,,
master_logic_056,logic,hard,no,A,C,"A sequence interleaves even numbers and multiples of ten: 2, 10, 4, 20, 6, 30, ... What is the next term?",8,40,60,32,"Тізбек жұп сандарды және онға еселіктерді қосады: 2, 10, 4, 20, 6, 30, ... Келесі мүше қандай?",8,40,60,32,pending,pending,pending,pending,pending,,,
master_math_040,mathematics,medium,no,C,B,What is the remainder when 157 is divided by 12?,0,13,1,12,157-ні 12-ге бөлгенде қалдық қанша болады?,0,13,1,12,pending,pending,pending,pending,pending,,,
master_math_023,mathematics,medium,no,A,C,Two quantities are in the ratio 2:3 and have a total of 45. What is the smaller quantity?,18,27,15,30,Екі шама 2:3 қатынасында және олардың жалпы саны 45. Кіші шама қандай?,18,27,15,30,pending,pending,pending,pending,pending,,,
master_geo_033,geography,medium,no,D,B,The Kalahari Desert region is located in which part of Africa?,Far northwest,East Africa,Central equatorial Africa,Southern Africa,Калахари шөлі Африканың қай бөлігінде орналасқан?,Қиыр солтүстік-батыс,Шығыс Африка,Орталық экваторлық Африка,Оңтүстік Африка,pending,pending,pending,pending,pending,,,
master_science_045,science,hard,no,D,C,"A 12-volt battery is connected across a 4-ohm resistor. If the voltage is then reduced to 6 volts with resistance unchanged, what current flows?",0.5 ampere,1 ampere,2 amperes,1.5 amperes,"12 вольтты батарея 4 Ом резистор арқылы қосылған. Егер кернеуді 6 вольтке дейін төмендетсе, кедергі өзгермейді, қандай ток өтеді?","0,5 ампер",1 ампер,2 ампер,"1,5 ампер",pending,pending,pending,pending,pending,,,
master_logic_076,logic,medium,no,D,B,'This rule is fair because it is a fair rule.' What defect does the argument have?,It attacks a person,It relies on a large sample,It presents too many alternatives,It reasons circularly,"'Бұл ереже әділ, өйткені ол әділ ереже.' Аргументте қандай кемшілік бар?",Адамға шабуыл жасайды,Ол үлкен үлгіге сүйенеді,Тым көп балама ұсынады,Ол айналмалы түрде түсіндіреді,pending,pending,pending,pending,pending,,,
master_science_059,science,medium,no,C,B,Which observation best indicates that a soil sample has high permeability?,Water remains pooled on its surface for hours,The sample contains no mineral particles,Water passes through it rapidly,Its color becomes darker when dry,Қай бақылау топырақ үлгісінің өткізгіштігі жоғары екенін жақсы көрсетеді?,Су бетінде бірнеше сағат бойы жиналып қалады,Үлгіде минералды бөлшектер жоқ,Су ол арқылы тез өтеді,Құрғаған кезде оның түсі күңгірттенеді,pending,pending,pending,pending,pending,,,
master_cs_066,computer_science,medium,no,A,B,What is the operating-system scheduler responsible for?,Choosing which ready task receives processor time,Translating every domain name into an IP address,Designing the source code of applications,Encrypting every file automatically,Операциялық жүйені жоспарлаушы не үшін жауапты?,Қай дайын тапсырма процессор уақытын алатынын таңдау,Әрбір домен атауын IP мекенжайына аудару,Қолданбалардың бастапқы кодын жобалау,Әрбір файлды автоматты түрде шифрлау,pending,pending,pending,pending,pending,,,
